model,protocol,variant,target,MAPE,RMSE,R2,n_features,features,seconds
LSTM_main,teacher_forced,Full9,Q,3.2316710504597523,0.10139306069270382,0.8614062932444365,9,"k_exp,temperature,c_rate_chg,c_rate_dischg,soc_window,age_type,Q0,Re0,Rct0",8.389847040176392
LSTM_main,teacher_forced,Full9,Re,2.988352931460267,0.7095364710498963,0.8257886600245617,9,"k_exp,temperature,c_rate_chg,c_rate_dischg,soc_window,age_type,Q0,Re0,Rct0",8.389847040176392
LSTM_main,teacher_forced,Full9,macro_avg,3.1100119909600097,0.40546476587130004,0.8435974766344991,9,"k_exp,temperature,c_rate_chg,c_rate_dischg,soc_window,age_type,Q0,Re0,Rct0",8.389847040176392
LSTM_main,autoregressive_rollout,Full9,Q,3.370214652994399,0.10388743225161509,0.85450332505334,9,"k_exp,temperature,c_rate_chg,c_rate_dischg,soc_window,age_type,Q0,Re0,Rct0",8.558505296707153
LSTM_main,autoregressive_rollout,Full9,Re,3.068920254374703,0.7190059713085322,0.8211075679657426,9,"k_exp,temperature,c_rate_chg,c_rate_dischg,soc_window,age_type,Q0,Re0,Rct0",8.558505296707153
LSTM_main,autoregressive_rollout,Full9,macro_avg,3.219567453684551,0.41144670178007364,0.8378054465095413,9,"k_exp,temperature,c_rate_chg,c_rate_dischg,soc_window,age_type,Q0,Re0,Rct0",8.558505296707153
LSTM_main,teacher_forced,No_Temperature,Q,2.8286575840594823,0.09342427053961422,0.8823352231958171,8,"k_exp,c_rate_chg,c_rate_dischg,soc_window,age_type,Q0,Re0,Rct0",5.073888540267944
LSTM_main,teacher_forced,No_Temperature,Re,2.5222866734121245,0.6116282212352093,0.8705500145245387,8,"k_exp,c_rate_chg,c_rate_dischg,soc_window,age_type,Q0,Re0,Rct0",5.073888540267944
LSTM_main,teacher_forced,No_Temperature,macro_avg,2.6754721287358034,0.35252624588741177,0.8764426188601779,8,"k_exp,c_rate_chg,c_rate_dischg,soc_window,age_type,Q0,Re0,Rct0",5.073888540267944
LSTM_main,autoregressive_rollout,No_Temperature,Q,2.87403562694398,0.09477125460212966,0.8789177997541782,8,"k_exp,c_rate_chg,c_rate_dischg,soc_window,age_type,Q0,Re0,Rct0",5.230932712554932
LSTM_main,autoregressive_rollout,No_Temperature,Re,2.569976698735879,0.6219266274585937,0.8661540370607879,8,"k_exp,c_rate_chg,c_rate_dischg,soc_window,age_type,Q0,Re0,Rct0",5.230932712554932
LSTM_main,autoregressive_rollout,No_Temperature,macro_avg,2.7220061628399295,0.3583489410303617,0.872535918407483,8,"k_exp,c_rate_chg,c_rate_dischg,soc_window,age_type,Q0,Re0,Rct0",5.230932712554932
LSTM_main,teacher_forced,No_Re0_Rct0,Q,3.3521288858858016,0.10300701868747836,0.8569589532521474,7,"k_exp,temperature,c_rate_chg,c_rate_dischg,soc_window,age_type,Q0",3.8800735473632812
LSTM_main,teacher_forced,No_Re0_Rct0,Re,4.99983497732889,1.1588770750914448,0.5352689205611724,7,"k_exp,temperature,c_rate_chg,c_rate_dischg,soc_window,age_type,Q0",3.8800735473632812
LSTM_main,teacher_forced,No_Re0_Rct0,macro_avg,4.175981931607346,0.6309420468894615,0.6961139369066599,7,"k_exp,temperature,c_rate_chg,c_rate_dischg,soc_window,age_type,Q0",3.8800735473632812
LSTM_main,autoregressive_rollout,No_Re0_Rct0,Q,3.5172978130327803,0.10677764663212728,0.8462950925025039,7,"k_exp,temperature,c_rate_chg,c_rate_dischg,soc_window,age_type,Q0",4.039651393890381
LSTM_main,autoregressive_rollout,No_Re0_Rct0,Re,5.464825902742556,1.3227070698362686,0.39458340158538563,7,"k_exp,temperature,c_rate_chg,c_rate_dischg,soc_window,age_type,Q0",4.039651393890381
LSTM_main,autoregressive_rollout,No_Re0_Rct0,macro_avg,4.491061857887668,0.714742358234198,0.6204392470439448,7,"k_exp,temperature,c_rate_chg,c_rate_dischg,soc_window,age_type,Q0",4.039651393890381
LSTM_main,teacher_forced,No_NearZero,Q,2.5201326288950683,0.0825890782059561,0.9080456493236299,6,"k_exp,temperature,c_rate_chg,Q0,Re0,Rct0",4.133879899978638
LSTM_main,teacher_forced,No_NearZero,Re,3.3722482170881434,0.6600516661005822,0.8492411426217685,6,"k_exp,temperature,c_rate_chg,Q0,Re0,Rct0",4.133879899978638
LSTM_main,teacher_forced,No_NearZero,macro_avg,2.946190422991606,0.37132037215326913,0.8786433959726991,6,"k_exp,temperature,c_rate_chg,Q0,Re0,Rct0",4.133879899978638
LSTM_main,autoregressive_rollout,No_NearZero,Q,2.6140661024930516,0.08397202432794222,0.9049403326728417,6,"k_exp,temperature,c_rate_chg,Q0,Re0,Rct0",4.293711185455322
LSTM_main,autoregressive_rollout,No_NearZero,Re,3.5413401863425737,0.6935589194826799,0.8335462067428238,6,"k_exp,temperature,c_rate_chg,Q0,Re0,Rct0",4.293711185455322
LSTM_main,autoregressive_rollout,No_NearZero,macro_avg,3.0777031444178125,0.3887654719053111,0.8692432697078327,6,"k_exp,temperature,c_rate_chg,Q0,Re0,Rct0",4.293711185455322
LSTM_main,teacher_forced,No_Re0,Q,3.3526416782230477,0.1014857650314483,0.8611527431204911,8,"k_exp,temperature,c_rate_chg,c_rate_dischg,soc_window,age_type,Q0,Rct0",4.508755207061768
LSTM_main,teacher_forced,No_Re0,Re,3.7397800804258328,0.9378654443734146,0.6956256556098505,8,"k_exp,temperature,c_rate_chg,c_rate_dischg,soc_window,age_type,Q0,Rct0",4.508755207061768
LSTM_main,teacher_forced,No_Re0,macro_avg,3.5462108793244402,0.5196756047024315,0.7783891993651708,8,"k_exp,temperature,c_rate_chg,c_rate_dischg,soc_window,age_type,Q0,Rct0",4.508755207061768
LSTM_main,autoregressive_rollout,No_Re0,Q,3.5917970940564174,0.10475709647646214,0.8520571606052977,8,"k_exp,temperature,c_rate_chg,c_rate_dischg,soc_window,age_type,Q0,Rct0",4.663566589355469
LSTM_main,autoregressive_rollout,No_Re0,Re,3.803121817220964,0.9462343466651599,0.6901693413884851,8,"k_exp,temperature,c_rate_chg,c_rate_dischg,soc_window,age_type,Q0,Rct0",4.663566589355469
LSTM_main,autoregressive_rollout,No_Re0,macro_avg,3.6974594556386906,0.525495721570811,0.7711132509968914,8,"k_exp,temperature,c_rate_chg,c_rate_dischg,soc_window,age_type,Q0,Rct0",4.663566589355469
LSTM_main,teacher_forced,No_Rct0,Q,3.8051172413065584,0.11185416998063472,0.8313325018177969,8,"k_exp,temperature,c_rate_chg,c_rate_dischg,soc_window,age_type,Q0,Re0",3.9740593433380127
LSTM_main,teacher_forced,No_Rct0,Re,3.425393416928059,0.7092721521565951,0.8259184314277392,8,"k_exp,temperature,c_rate_chg,c_rate_dischg,soc_window,age_type,Q0,Re0",3.9740593433380127
LSTM_main,teacher_forced,No_Rct0,macro_avg,3.615255329117309,0.4105631610686149,0.8286254666227681,8,"k_exp,temperature,c_rate_chg,c_rate_dischg,soc_window,age_type,Q0,Re0",3.9740593433380127
LSTM_main,autoregressive_rollout,No_Rct0,Q,4.067845574599192,0.11799501510044605,0.8123042821412176,8,"k_exp,temperature,c_rate_chg,c_rate_dischg,soc_window,age_type,Q0,Re0",4.135108232498169
LSTM_main,autoregressive_rollout,No_Rct0,Re,3.522004607059454,0.7341637346708361,0.8134854014494759,8,"k_exp,temperature,c_rate_chg,c_rate_dischg,soc_window,age_type,Q0,Re0",4.135108232498169
LSTM_main,autoregressive_rollout,No_Rct0,macro_avg,3.7949250908293233,0.42607937488564107,0.8128948417953468,8,"k_exp,temperature,c_rate_chg,c_rate_dischg,soc_window,age_type,Q0,Re0",4.135108232498169
LSTM_main,teacher_forced,No_Q0,Q,3.420333849146501,0.10550651161699282,0.8499328715097787,8,"k_exp,temperature,c_rate_chg,c_rate_dischg,soc_window,age_type,Re0,Rct0",3.745572090148926
LSTM_main,teacher_forced,No_Q0,Re,3.6858133039936103,0.9754684794694415,0.67072902099044,8,"k_exp,temperature,c_rate_chg,c_rate_dischg,soc_window,age_type,Re0,Rct0",3.745572090148926
LSTM_main,teacher_forced,No_Q0,macro_avg,3.5530735765700556,0.5404874955432172,0.7603309462501093,8,"k_exp,temperature,c_rate_chg,c_rate_dischg,soc_window,age_type,Re0,Rct0",3.745572090148926
LSTM_main,autoregressive_rollout,No_Q0,Q,3.445928172698367,0.1063566200222782,0.8475048264511109,8,"k_exp,temperature,c_rate_chg,c_rate_dischg,soc_window,age_type,Re0,Rct0",3.9056007862091064
LSTM_main,autoregressive_rollout,No_Q0,Re,3.745997074031846,0.984784013220618,0.6644100446047052,8,"k_exp,temperature,c_rate_chg,c_rate_dischg,soc_window,age_type,Re0,Rct0",3.9056007862091064
LSTM_main,autoregressive_rollout,No_Q0,macro_avg,3.5959626233651063,0.5455703166214482,0.7559574355279081,8,"k_exp,temperature,c_rate_chg,c_rate_dischg,soc_window,age_type,Re0,Rct0",3.9056007862091064
LSTM_main,teacher_forced,No_c_rate_chg,Q,2.9869025928780175,0.09591679746501823,0.8759729586224086,8,"k_exp,temperature,c_rate_dischg,soc_window,age_type,Q0,Re0,Rct0",4.234146595001221
LSTM_main,teacher_forced,No_c_rate_chg,Re,3.4342013754398395,0.753646247143386,0.8034549748320355,8,"k_exp,temperature,c_rate_dischg,soc_window,age_type,Q0,Re0,Rct0",4.234146595001221
LSTM_main,teacher_forced,No_c_rate_chg,macro_avg,3.2105519841589283,0.42478152230420213,0.8397139667272221,8,"k_exp,temperature,c_rate_dischg,soc_window,age_type,Q0,Re0,Rct0",4.234146595001221
LSTM_main,autoregressive_rollout,No_c_rate_chg,Q,3.1515271368356754,0.0998714363939085,0.8655348822485067,8,"k_exp,temperature,c_rate_dischg,soc_window,age_type,Q0,Re0,Rct0",4.392944097518921
LSTM_main,autoregressive_rollout,No_c_rate_chg,Re,3.474243308236793,0.758760504943884,0.8007784073474877,8,"k_exp,temperature,c_rate_dischg,soc_window,age_type,Q0,Re0,Rct0",4.392944097518921
LSTM_main,autoregressive_rollout,No_c_rate_chg,macro_avg,3.3128852225362344,0.42931597066889626,0.8331566447979972,8,"k_exp,temperature,c_rate_dischg,soc_window,age_type,Q0,Re0,Rct0",4.392944097518921
LSTM_main,teacher_forced,No_k_exp,Q,4.160307290730554,0.12153182758334528,0.8008835678028101,8,"temperature,c_rate_chg,c_rate_dischg,soc_window,age_type,Q0,Re0,Rct0",3.6586484909057617
LSTM_main,teacher_forced,No_k_exp,Re,4.580499671996483,0.9558628296916757,0.6838318476398577,8,"temperature,c_rate_chg,c_rate_dischg,soc_window,age_type,Q0,Re0,Rct0",3.6586484909057617
LSTM_main,teacher_forced,No_k_exp,macro_avg,4.370403481363518,0.5386973286375105,0.7423577077213339,8,"temperature,c_rate_chg,c_rate_dischg,soc_window,age_type,Q0,Re0,Rct0",3.6586484909057617
LSTM_main,autoregressive_rollout,No_k_exp,Q,4.2445070810019265,0.12342270798012386,0.7946393709088235,8,"temperature,c_rate_chg,c_rate_dischg,soc_window,age_type,Q0,Re0,Rct0",3.8171615600585938
LSTM_main,autoregressive_rollout,No_k_exp,Re,4.563388629861781,0.9559054228192175,0.6838036701858243,8,"temperature,c_rate_chg,c_rate_dischg,soc_window,age_type,Q0,Re0,Rct0",3.8171615600585938
LSTM_main,autoregressive_rollout,No_k_exp,macro_avg,4.403947855431854,0.5396640653996707,0.7392215205473239,8,"temperature,c_rate_chg,c_rate_dischg,soc_window,age_type,Q0,Re0,Rct0",3.8171615600585938
LSTM_main,teacher_forced,k_Re0,Q,2.4651168607880405,0.0841448609993506,0.9045486140009514,2,"k_exp,Re0",5.446133136749268
LSTM_main,teacher_forced,k_Re0,Re,1.1180712055285091,0.23696090032274375,0.9805696619536072,2,"k_exp,Re0",5.446133136749268
LSTM_main,teacher_forced,k_Re0,macro_avg,1.7915940331582747,0.16055288066104717,0.9425591379772793,2,"k_exp,Re0",5.446133136749268
LSTM_main,autoregressive_rollout,k_Re0,Q,2.77467377017101,0.09132390096730245,0.8875664423091444,2,"k_exp,Re0",5.604367733001709
LSTM_main,autoregressive_rollout,k_Re0,Re,1.2671945093517467,0.2788300831788547,0.9730966581214427,2,"k_exp,Re0",5.604367733001709
LSTM_main,autoregressive_rollout,k_Re0,macro_avg,2.0209341397613785,0.1850769920730786,0.9303315502152936,2,"k_exp,Re0",5.604367733001709
LSTM_main,teacher_forced,k_Re0_Q0,Q,4.677354278487272,0.1316059379812749,0.7665047694758025,3,"k_exp,Re0,Q0",3.91969895362854
LSTM_main,teacher_forced,k_Re0_Q0,Re,2.7652675374121376,0.7389607777917792,0.8110400569421287,3,"k_exp,Re0,Q0",3.91969895362854
LSTM_main,teacher_forced,k_Re0_Q0,macro_avg,3.7213109079497046,0.43528335788652706,0.7887724132089655,3,"k_exp,Re0,Q0",3.91969895362854
LSTM_main,autoregressive_rollout,k_Re0_Q0,Q,5.039694427147296,0.14285020983612645,0.7249011280369176,3,"k_exp,Re0,Q0",4.0782225131988525
LSTM_main,autoregressive_rollout,k_Re0_Q0,Re,2.7638559266102303,0.7349285471733833,0.8130965971759073,3,"k_exp,Re0,Q0",4.0782225131988525
LSTM_main,autoregressive_rollout,k_Re0_Q0,macro_avg,3.901775176878763,0.43888937850475485,0.7689988626064125,3,"k_exp,Re0,Q0",4.0782225131988525
LSTM_main,teacher_forced,k_Re0_Rct0_Q0,Q,3.2775751046301926,0.09341910772271257,0.8823482276305227,4,"k_exp,Re0,Rct0,Q0",4.286168813705444
LSTM_main,teacher_forced,k_Re0_Rct0_Q0,Re,1.4672208059857532,0.332901857538564,0.9616505260627214,4,"k_exp,Re0,Rct0,Q0",4.286168813705444
LSTM_main,teacher_forced,k_Re0_Rct0_Q0,macro_avg,2.372397955307973,0.21316048263063828,0.921999376846622,4,"k_exp,Re0,Rct0,Q0",4.286168813705444
LSTM_main,autoregressive_rollout,k_Re0_Rct0_Q0,Q,3.4769271508316804,0.09769764642801802,0.8713246828588034,4,"k_exp,Re0,Rct0,Q0",4.444328546524048
LSTM_main,autoregressive_rollout,k_Re0_Rct0_Q0,Re,1.5395618308981551,0.33780381852984737,0.9605128233160757,4,"k_exp,Re0,Rct0,Q0",4.444328546524048
LSTM_main,autoregressive_rollout,k_Re0_Rct0_Q0,macro_avg,2.508244490864918,0.2177507324789327,0.9159187530874395,4,"k_exp,Re0,Rct0,Q0",4.444328546524048
LSTM_main,teacher_forced,PINNfeat_k_Re0_Q0_EaStress,Q,3.1140661238969627,0.09644288063274181,0.8746087038162238,5,"k_exp,Re0,Q0,stress,Ea_kJ_mol_mean",4.871801853179932
LSTM_main,teacher_forced,PINNfeat_k_Re0_Q0_EaStress,Re,1.393914370737079,0.36513743109975805,0.9538640268660239,5,"k_exp,Re0,Q0,stress,Ea_kJ_mol_mean",4.871801853179932
LSTM_main,teacher_forced,PINNfeat_k_Re0_Q0_EaStress,macro_avg,2.253990247317021,0.23079015586624993,0.9142363653411238,5,"k_exp,Re0,Q0,stress,Ea_kJ_mol_mean",4.871801853179932
LSTM_main,autoregressive_rollout,PINNfeat_k_Re0_Q0_EaStress,Q,3.399214407890504,0.10183410307964784,0.8601979533054465,5,"k_exp,Re0,Q0,stress,Ea_kJ_mol_mean",5.031674861907959
LSTM_main,autoregressive_rollout,PINNfeat_k_Re0_Q0_EaStress,Re,1.5084490336951502,0.39476723719656753,0.9460726377234134,5,"k_exp,Re0,Q0,stress,Ea_kJ_mol_mean",5.031674861907959
LSTM_main,autoregressive_rollout,PINNfeat_k_Re0_Q0_EaStress,macro_avg,2.4538317207928273,0.2483006701381077,0.90313529551443,5,"k_exp,Re0,Q0,stress,Ea_kJ_mol_mean",5.031674861907959
LSTM_main,teacher_forced,PINNfeat_k_Re0_Rct0_Q0_EaStress,Q,2.9673634405819724,0.10239863183149395,0.8586436403637843,6,"k_exp,Re0,Rct0,Q0,stress,Ea_kJ_mol_mean",4.3877410888671875
LSTM_main,teacher_forced,PINNfeat_k_Re0_Rct0_Q0_EaStress,Re,2.944277774191388,0.7686240295286152,0.795565170044476,6,"k_exp,Re0,Rct0,Q0,stress,Ea_kJ_mol_mean",4.3877410888671875
LSTM_main,teacher_forced,PINNfeat_k_Re0_Rct0_Q0_EaStress,macro_avg,2.95582060738668,0.43551133068005454,0.8271044052041301,6,"k_exp,Re0,Rct0,Q0,stress,Ea_kJ_mol_mean",4.3877410888671875
LSTM_main,autoregressive_rollout,PINNfeat_k_Re0_Rct0_Q0_EaStress,Q,3.0445171017109725,0.1039821440160164,0.8542379122297532,6,"k_exp,Re0,Rct0,Q0,stress,Ea_kJ_mol_mean",4.542780876159668
LSTM_main,autoregressive_rollout,PINNfeat_k_Re0_Rct0_Q0_EaStress,Re,3.04554275509949,0.8103860016230947,0.7727463668984795,6,"k_exp,Re0,Rct0,Q0,stress,Ea_kJ_mol_mean",4.542780876159668
LSTM_main,autoregressive_rollout,PINNfeat_k_Re0_Rct0_Q0_EaStress,macro_avg,3.0450299284052313,0.45718407281955553,0.8134921395641164,6,"k_exp,Re0,Rct0,Q0,stress,Ea_kJ_mol_mean",4.542780876159668
LSTM_main,teacher_forced,PINNfeat_no_Ea,Q,3.336153800318077,0.09410585799891717,0.8806120866767652,5,"k_exp,Re0,Rct0,Q0,stress",4.655906915664673
LSTM_main,teacher_forced,PINNfeat_no_Ea,Re,2.089470368656043,0.4549747098874265,0.9283689219393236,5,"k_exp,Re0,Rct0,Q0,stress",4.655906915664673
LSTM_main,teacher_forced,PINNfeat_no_Ea,macro_avg,2.71281208448706,0.2745402839431718,0.9044905043080445,5,"k_exp,Re0,Rct0,Q0,stress",4.655906915664673
LSTM_main,autoregressive_rollout,PINNfeat_no_Ea,Q,3.61088698456703,0.10060113016374861,0.8635628108566906,5,"k_exp,Re0,Rct0,Q0,stress",4.811449289321899
LSTM_main,autoregressive_rollout,PINNfeat_no_Ea,Re,2.2414722035917443,0.4874170112665066,0.917789301411949,5,"k_exp,Re0,Rct0,Q0,stress",4.811449289321899
LSTM_main,autoregressive_rollout,PINNfeat_no_Ea,macro_avg,2.926179594079387,0.2940090707151276,0.8906760561343199,5,"k_exp,Re0,Rct0,Q0,stress",4.811449289321899
LSTM_main,teacher_forced,PINNfeat_no_stress,Q,2.0601062146236466,0.06880472648139267,0.9361790022124004,5,"k_exp,Re0,Rct0,Q0,Ea_kJ_mol_mean",9.876408576965332
LSTM_main,teacher_forced,PINNfeat_no_stress,Re,0.411863344662464,0.13941494850447772,0.9932741735117997,5,"k_exp,Re0,Rct0,Q0,Ea_kJ_mol_mean",9.876408576965332
LSTM_main,teacher_forced,PINNfeat_no_stress,macro_avg,1.2359847796430552,0.1041098374929352,0.9647265878621001,5,"k_exp,Re0,Rct0,Q0,Ea_kJ_mol_mean",9.876408576965332
LSTM_main,autoregressive_rollout,PINNfeat_no_stress,Q,2.7734980748428573,0.08656272158480419,0.8989843066309772,5,"k_exp,Re0,Rct0,Q0,Ea_kJ_mol_mean",10.035391092300415
LSTM_main,autoregressive_rollout,PINNfeat_no_stress,Re,0.5092204850664867,0.15594652293822886,0.9915845301993281,5,"k_exp,Re0,Rct0,Q0,Ea_kJ_mol_mean",10.035391092300415
LSTM_main,autoregressive_rollout,PINNfeat_no_stress,macro_avg,1.641359279954672,0.12125462226151652,0.9452844184151526,5,"k_exp,Re0,Rct0,Q0,Ea_kJ_mol_mean",10.035391092300415
PINN_pred,pointwise,Full9,Q,5.501644958285182,0.18651784992665893,0.6016294777648143,9,"k_exp,temperature,c_rate_chg,c_rate_dischg,soc_window,age_type,Q0,Re0,Rct0",4.239415407180786
PINN_pred,pointwise,Full9,Re,12.150496738795233,2.840479972627269,0.1876557454713692,9,"k_exp,temperature,c_rate_chg,c_rate_dischg,soc_window,age_type,Q0,Re0,Rct0",4.239415407180786
PINN_pred,pointwise,Full9,macro_avg,8.826070848540208,1.5134989112769641,0.3946426116180918,9,"k_exp,temperature,c_rate_chg,c_rate_dischg,soc_window,age_type,Q0,Re0,Rct0",4.239415407180786
PINN_phys,pointwise,Full9,Q,6.811784823635045,0.2074798967531215,0.5070550289688663,9,"k_exp,temperature,c_rate_chg,c_rate_dischg,soc_window,age_type,Q0,Re0,Rct0",3.4952540397644043
PINN_phys,pointwise,Full9,Re,13.357818748324659,2.9029247494166155,0.15154618613449444,9,"k_exp,temperature,c_rate_chg,c_rate_dischg,soc_window,age_type,Q0,Re0,Rct0",3.4952540397644043
PINN_phys,pointwise,Full9,macro_avg,10.084801785979852,1.5552023230848686,0.3293006075516804,9,"k_exp,temperature,c_rate_chg,c_rate_dischg,soc_window,age_type,Q0,Re0,Rct0",3.4952540397644043
PINN_pred,pointwise,No_Temperature,Q,6.562552228703892,0.2137900050235951,0.47661509987702755,8,"k_exp,c_rate_chg,c_rate_dischg,soc_window,age_type,Q0,Re0,Rct0",2.1259140968322754
PINN_pred,pointwise,No_Temperature,Re,11.63675401942382,2.5240498725479723,0.3585652064518895,8,"k_exp,c_rate_chg,c_rate_dischg,soc_window,age_type,Q0,Re0,Rct0",2.1259140968322754
PINN_pred,pointwise,No_Temperature,macro_avg,9.099653124063856,1.3689199387857838,0.4175901531644585,8,"k_exp,c_rate_chg,c_rate_dischg,soc_window,age_type,Q0,Re0,Rct0",2.1259140968322754
PINN_phys,pointwise,No_Temperature,Q,6.205123353810812,0.19831759089343862,0.5496306050802643,8,"k_exp,c_rate_chg,c_rate_dischg,soc_window,age_type,Q0,Re0,Rct0",3.7802374362945557
PINN_phys,pointwise,No_Temperature,Re,12.28709392241162,2.608553107908976,0.31489676832703195,8,"k_exp,c_rate_chg,c_rate_dischg,soc_window,age_type,Q0,Re0,Rct0",3.7802374362945557
PINN_phys,pointwise,No_Temperature,macro_avg,9.246108638111217,1.4034353494012073,0.4322636867036481,8,"k_exp,c_rate_chg,c_rate_dischg,soc_window,age_type,Q0,Re0,Rct0",3.7802374362945557
PINN_pred,pointwise,No_Re0_Rct0,Q,6.593224724124937,0.20719298865025332,0.5084173982620916,7,"k_exp,temperature,c_rate_chg,c_rate_dischg,soc_window,age_type,Q0",1.886446237564087
PINN_pred,pointwise,No_Re0_Rct0,Re,15.317107455329971,3.227804029884417,-0.048989084417466744,7,"k_exp,temperature,c_rate_chg,c_rate_dischg,soc_window,age_type,Q0",1.886446237564087
PINN_pred,pointwise,No_Re0_Rct0,macro_avg,10.955166089727454,1.7174985092673352,0.22971415692231245,7,"k_exp,temperature,c_rate_chg,c_rate_dischg,soc_window,age_type,Q0",1.886446237564087
PINN_phys,pointwise,No_Re0_Rct0,Q,6.289059799403801,0.20636086706143283,0.5123580246192752,7,"k_exp,temperature,c_rate_chg,c_rate_dischg,soc_window,age_type,Q0",5.556079864501953
PINN_phys,pointwise,No_Re0_Rct0,Re,16.313903118934622,3.6865514816924168,-0.36835018821959964,7,"k_exp,temperature,c_rate_chg,c_rate_dischg,soc_window,age_type,Q0",5.556079864501953
PINN_phys,pointwise,No_Re0_Rct0,macro_avg,11.301481459169212,1.9464561743769249,0.07200391819983776,7,"k_exp,temperature,c_rate_chg,c_rate_dischg,soc_window,age_type,Q0",5.556079864501953
PINN_pred,pointwise,No_NearZero,Q,6.512354820831876,0.2048781575724062,0.5193402969123713,6,"k_exp,temperature,c_rate_chg,Q0,Re0,Rct0",3.6315860748291016
PINN_pred,pointwise,No_NearZero,Re,11.019150036129147,2.6458505923843867,0.2951652898139341,6,"k_exp,temperature,c_rate_chg,Q0,Re0,Rct0",3.6315860748291016
PINN_pred,pointwise,No_NearZero,macro_avg,8.76575242848051,1.4253643749783964,0.4072527933631527,6,"k_exp,temperature,c_rate_chg,Q0,Re0,Rct0",3.6315860748291016
PINN_phys,pointwise,No_NearZero,Q,6.857661886674249,0.22268894498416225,0.4321368208978811,6,"k_exp,temperature,c_rate_chg,Q0,Re0,Rct0",3.5116212368011475
PINN_phys,pointwise,No_NearZero,Re,11.95043746582263,2.5605889721199078,0.33985947901268665,6,"k_exp,temperature,c_rate_chg,Q0,Re0,Rct0",3.5116212368011475
PINN_phys,pointwise,No_NearZero,macro_avg,9.40404967624844,1.391638958552035,0.38599814995528386,6,"k_exp,temperature,c_rate_chg,Q0,Re0,Rct0",3.5116212368011475
PINN_pred,pointwise,No_Re0,Q,6.102193659905257,0.1990781330717663,0.5461696745026001,8,"k_exp,temperature,c_rate_chg,c_rate_dischg,soc_window,age_type,Q0,Rct0",2.4564335346221924
PINN_pred,pointwise,No_Re0,Re,12.442489566741596,2.687787926557331,0.27264463318927445,8,"k_exp,temperature,c_rate_chg,c_rate_dischg,soc_window,age_type,Q0,Rct0",2.4564335346221924
PINN_pred,pointwise,No_Re0,macro_avg,9.272341613323427,1.4434330298145486,0.4094071538459373,8,"k_exp,temperature,c_rate_chg,c_rate_dischg,soc_window,age_type,Q0,Rct0",2.4564335346221924
PINN_phys,pointwise,No_Re0,Q,6.944503636692864,0.22635607894322393,0.4132802352978755,8,"k_exp,temperature,c_rate_chg,c_rate_dischg,soc_window,age_type,Q0,Rct0",3.863241672515869
PINN_phys,pointwise,No_Re0,Re,12.168240211789428,2.716070756652621,0.2572565864095754,8,"k_exp,temperature,c_rate_chg,c_rate_dischg,soc_window,age_type,Q0,Rct0",3.863241672515869
PINN_phys,pointwise,No_Re0,macro_avg,9.556371924241146,1.4712134177979226,0.33526841085372544,8,"k_exp,temperature,c_rate_chg,c_rate_dischg,soc_window,age_type,Q0,Rct0",3.863241672515869
PINN_pred,pointwise,No_Rct0,Q,5.9406836451839125,0.18990644803016218,0.5870230469322895,8,"k_exp,temperature,c_rate_chg,c_rate_dischg,soc_window,age_type,Q0,Re0",2.2680673599243164
PINN_pred,pointwise,No_Rct0,Re,13.06650313767745,2.7340754887950753,0.24737671093468616,8,"k_exp,temperature,c_rate_chg,c_rate_dischg,soc_window,age_type,Q0,Re0",2.2680673599243164
PINN_pred,pointwise,No_Rct0,macro_avg,9.503593391430682,1.4619909684126187,0.4171998789334878,8,"k_exp,temperature,c_rate_chg,c_rate_dischg,soc_window,age_type,Q0,Re0",2.2680673599243164
PINN_phys,pointwise,No_Rct0,Q,6.685434946580858,0.21240979456044407,0.48335114442249205,8,"k_exp,temperature,c_rate_chg,c_rate_dischg,soc_window,age_type,Q0,Re0",3.8178648948669434
PINN_phys,pointwise,No_Rct0,Re,12.01484766861802,2.6093788000437432,0.31446298465059197,8,"k_exp,temperature,c_rate_chg,c_rate_dischg,soc_window,age_type,Q0,Re0",3.8178648948669434
PINN_phys,pointwise,No_Rct0,macro_avg,9.350141307599438,1.4108942973020937,0.398907064536542,8,"k_exp,temperature,c_rate_chg,c_rate_dischg,soc_window,age_type,Q0,Re0",3.8178648948669434
PINN_pred,pointwise,No_Q0,Q,6.6004937105251615,0.21569397978363825,0.46725124757820546,8,"k_exp,temperature,c_rate_chg,c_rate_dischg,soc_window,age_type,Re0,Rct0",2.3326518535614014
PINN_pred,pointwise,No_Q0,Re,10.248382037567374,2.3294586941722684,0.45365537093378794,8,"k_exp,temperature,c_rate_chg,c_rate_dischg,soc_window,age_type,Re0,Rct0",2.3326518535614014
PINN_pred,pointwise,No_Q0,macro_avg,8.424437874046268,1.2725763369779532,0.4604533092559967,8,"k_exp,temperature,c_rate_chg,c_rate_dischg,soc_window,age_type,Re0,Rct0",2.3326518535614014
PINN_phys,pointwise,No_Q0,Q,6.021718342201782,0.19863039695569976,0.548208750569946,8,"k_exp,temperature,c_rate_chg,c_rate_dischg,soc_window,age_type,Re0,Rct0",3.6513218879699707
PINN_phys,pointwise,No_Q0,Re,10.476527946823545,2.3511686425284823,0.4434243374694349,8,"k_exp,temperature,c_rate_chg,c_rate_dischg,soc_window,age_type,Re0,Rct0",3.6513218879699707
PINN_phys,pointwise,No_Q0,macro_avg,8.249123144512664,1.2748995197420911,0.49581654401969044,8,"k_exp,temperature,c_rate_chg,c_rate_dischg,soc_window,age_type,Re0,Rct0",3.6513218879699707
PINN_pred,pointwise,No_c_rate_chg,Q,5.678394704744958,0.1967795247196302,0.5565892595789343,8,"k_exp,temperature,c_rate_dischg,soc_window,age_type,Q0,Re0,Rct0",2.219377040863037
PINN_pred,pointwise,No_c_rate_chg,Re,11.065904954138098,2.4589200279211094,0.39124091066231614,8,"k_exp,temperature,c_rate_dischg,soc_window,age_type,Q0,Re0,Rct0",2.219377040863037
PINN_pred,pointwise,No_c_rate_chg,macro_avg,8.372149829441529,1.3278497763203698,0.47391508512062525,8,"k_exp,temperature,c_rate_dischg,soc_window,age_type,Q0,Re0,Rct0",2.219377040863037
PINN_phys,pointwise,No_c_rate_chg,Q,6.334269471154331,0.21317343104851316,0.47962964832863175,8,"k_exp,temperature,c_rate_dischg,soc_window,age_type,Q0,Re0,Rct0",3.5171563625335693
PINN_phys,pointwise,No_c_rate_chg,Re,10.853600382029155,2.482957640042391,0.37928066875739874,8,"k_exp,temperature,c_rate_dischg,soc_window,age_type,Q0,Re0,Rct0",3.5171563625335693
PINN_phys,pointwise,No_c_rate_chg,macro_avg,8.593934926591743,1.348065535545452,0.42945515854301525,8,"k_exp,temperature,c_rate_dischg,soc_window,age_type,Q0,Re0,Rct0",3.5171563625335693
PINN_pred,pointwise,k_Re0,Q,6.699181684595147,0.20989913892068843,0.4954924058824811,2,"k_exp,Re0",3.1425373554229736
PINN_pred,pointwise,k_Re0,Re,10.826192455114668,2.4128605507815823,0.41383336293399664,2,"k_exp,Re0",3.1425373554229736
PINN_pred,pointwise,k_Re0,macro_avg,8.762687069854907,1.3113798448511353,0.4546628844082389,2,"k_exp,Re0",3.1425373554229736
PINN_phys,pointwise,k_Re0,Q,7.084679640510188,0.21982105869206955,0.44666902253544216,2,"k_exp,Re0",3.9354779720306396
PINN_phys,pointwise,k_Re0,Re,10.664347915007218,2.3408509747188115,0.44829847759452346,2,"k_exp,Re0",3.9354779720306396
PINN_phys,pointwise,k_Re0,macro_avg,8.874513777758704,1.2803360167054405,0.4474837500649828,2,"k_exp,Re0",3.9354779720306396
PINN_pred,pointwise,k_Re0_Q0,Q,7.2872295357544274,0.23407137355510577,0.372602185986068,3,"k_exp,Re0,Q0",2.604482889175415
PINN_pred,pointwise,k_Re0_Q0,Re,10.795546227178049,2.393002498380243,0.42344206423953756,3,"k_exp,Re0,Q0",2.604482889175415
PINN_pred,pointwise,k_Re0_Q0,macro_avg,9.041387881466239,1.3135369359676743,0.39802212511280277,3,"k_exp,Re0,Q0",2.604482889175415
PINN_phys,pointwise,k_Re0_Q0,Q,7.357140439752483,0.22709951323412547,0.40941991140227596,3,"k_exp,Re0,Q0",3.844106912612915
PINN_phys,pointwise,k_Re0_Q0,Re,10.707093395433981,2.4273125547648533,0.4067905586965692,3,"k_exp,Re0,Q0",3.844106912612915
PINN_phys,pointwise,k_Re0_Q0,macro_avg,9.032116917593232,1.3272060339994893,0.4081052350494226,3,"k_exp,Re0,Q0",3.844106912612915
PINN_pred,pointwise,k_Re0_Rct0_Q0,Q,7.375707597007734,0.2326643809828508,0.3801220375871206,4,"k_exp,Re0,Rct0,Q0",2.4880728721618652
PINN_pred,pointwise,k_Re0_Rct0_Q0,Re,11.267008662441217,2.4429462292842157,0.3991245421120868,4,"k_exp,Re0,Rct0,Q0",2.4880728721618652
PINN_pred,pointwise,k_Re0_Rct0_Q0,macro_avg,9.321358129724477,1.3378053051335332,0.3896232898496037,4,"k_exp,Re0,Rct0,Q0",2.4880728721618652
PINN_phys,pointwise,k_Re0_Rct0_Q0,Q,6.588623071668227,0.2080854560126702,0.5041733713795091,4,"k_exp,Re0,Rct0,Q0",3.291933536529541
PINN_phys,pointwise,k_Re0_Rct0_Q0,Re,11.873478449435776,2.5151271852085757,0.36309222155395104,4,"k_exp,Re0,Rct0,Q0",3.291933536529541
PINN_phys,pointwise,k_Re0_Rct0_Q0,macro_avg,9.231050760552002,1.361606320610623,0.4336327964667301,4,"k_exp,Re0,Rct0,Q0",3.291933536529541
PINN_pred,pointwise,PINNfeat_k_Re0_Q0_EaStress,Q,7.396082583473889,0.23520809187046046,0.36649373909301963,5,"k_exp,Re0,Q0,stress,Ea_kJ_mol_mean",2.487611770629883
PINN_pred,pointwise,PINNfeat_k_Re0_Q0_EaStress,Re,9.036208281028788,2.0798316144696054,0.5644750887605726,5,"k_exp,Re0,Q0,stress,Ea_kJ_mol_mean",2.487611770629883
PINN_pred,pointwise,PINNfeat_k_Re0_Q0_EaStress,macro_avg,8.216145432251338,1.157519853170033,0.4654844139267961,5,"k_exp,Re0,Q0,stress,Ea_kJ_mol_mean",2.487611770629883
PINN_phys,pointwise,PINNfeat_k_Re0_Q0_EaStress,Q,8.357496150848712,0.2577726075871599,0.239113421410295,5,"k_exp,Re0,Q0,stress,Ea_kJ_mol_mean",3.254765033721924
PINN_phys,pointwise,PINNfeat_k_Re0_Q0_EaStress,Re,8.264862340923395,2.0661196782547306,0.5701988252321838,5,"k_exp,Re0,Q0,stress,Ea_kJ_mol_mean",3.254765033721924
PINN_phys,pointwise,PINNfeat_k_Re0_Q0_EaStress,macro_avg,8.311179245886054,1.1619461429209452,0.4046561233212394,5,"k_exp,Re0,Q0,stress,Ea_kJ_mol_mean",3.254765033721924
PINN_pred,pointwise,PINNfeat_k_Re0_Rct0_Q0_EaStress,Q,7.668215549791651,0.24464903764107118,0.3146168590900349,6,"k_exp,Re0,Rct0,Q0,stress,Ea_kJ_mol_mean",2.6498517990112305
PINN_pred,pointwise,PINNfeat_k_Re0_Rct0_Q0_EaStress,Re,9.00821799606007,2.1666734954677045,0.5273457236747938,6,"k_exp,Re0,Rct0,Q0,stress,Ea_kJ_mol_mean",2.6498517990112305
PINN_pred,pointwise,PINNfeat_k_Re0_Rct0_Q0_EaStress,macro_avg,8.338216772925861,1.2056612665543878,0.42098129138241436,6,"k_exp,Re0,Rct0,Q0,stress,Ea_kJ_mol_mean",2.6498517990112305
PINN_phys,pointwise,PINNfeat_k_Re0_Rct0_Q0_EaStress,Q,6.358084633801485,0.2081430039438291,0.5038990827014023,6,"k_exp,Re0,Rct0,Q0,stress,Ea_kJ_mol_mean",3.155041456222534
PINN_phys,pointwise,PINNfeat_k_Re0_Rct0_Q0_EaStress,Re,8.04322607740882,2.046652023255736,0.5782601217103494,6,"k_exp,Re0,Rct0,Q0,stress,Ea_kJ_mol_mean",3.155041456222534
PINN_phys,pointwise,PINNfeat_k_Re0_Rct0_Q0_EaStress,macro_avg,7.200655355605152,1.1273975135997825,0.5410796022058758,6,"k_exp,Re0,Rct0,Q0,stress,Ea_kJ_mol_mean",3.155041456222534
PINN_pred,pointwise,PINNfeat_no_Ea,Q,7.486353454347191,0.23624790195193607,0.3608801375973101,5,"k_exp,Re0,Rct0,Q0,stress",2.221958637237549
PINN_pred,pointwise,PINNfeat_no_Ea,Re,9.505077940985238,2.159200201493517,0.5306006604078575,5,"k_exp,Re0,Rct0,Q0,stress",2.221958637237549
PINN_pred,pointwise,PINNfeat_no_Ea,macro_avg,8.495715697666215,1.1977240517227266,0.4457403990025838,5,"k_exp,Re0,Rct0,Q0,stress",2.221958637237549
PINN_phys,pointwise,PINNfeat_no_Ea,Q,7.933947234521953,0.24403391613346403,0.31805904637862936,5,"k_exp,Re0,Rct0,Q0,stress",3.5091960430145264
PINN_phys,pointwise,PINNfeat_no_Ea,Re,9.54496247070352,2.1476953431263333,0.5355895313078372,5,"k_exp,Re0,Rct0,Q0,stress",3.5091960430145264
PINN_phys,pointwise,PINNfeat_no_Ea,macro_avg,8.739454852612736,1.1958646296298987,0.42682428884323326,5,"k_exp,Re0,Rct0,Q0,stress",3.5091960430145264
PINN_pred,pointwise,PINNfeat_no_stress,Q,8.903450452241973,0.28180621755852087,0.09061552516811033,5,"k_exp,Re0,Rct0,Q0,Ea_kJ_mol_mean",3.3763368129730225
PINN_pred,pointwise,PINNfeat_no_stress,Re,8.954161919946968,2.3098471213668454,0.46281593204054317,5,"k_exp,Re0,Rct0,Q0,Ea_kJ_mol_mean",3.3763368129730225
PINN_pred,pointwise,PINNfeat_no_stress,macro_avg,8.92880618609447,1.2958266694626832,0.27671572860432675,5,"k_exp,Re0,Rct0,Q0,Ea_kJ_mol_mean",3.3763368129730225
PINN_phys,pointwise,PINNfeat_no_stress,Q,7.22258852474464,0.23027217827560242,0.39280339815368737,5,"k_exp,Re0,Rct0,Q0,Ea_kJ_mol_mean",4.304346799850464
PINN_phys,pointwise,PINNfeat_no_stress,Re,8.394730432526263,2.2384094763330786,0.49552956206578846,5,"k_exp,Re0,Rct0,Q0,Ea_kJ_mol_mean",4.304346799850464
PINN_phys,pointwise,PINNfeat_no_stress,macro_avg,7.808659478635452,1.2343408273043406,0.4441664801097379,5,"k_exp,Re0,Rct0,Q0,Ea_kJ_mol_mean",4.304346799850464
