model,protocol,variant,target,MAPE,RMSE,R2,n_features,features,seconds,Full9_MAPE,Delta_vs_Full9
LSTM_main,autoregressive_rollout,PINNfeat_no_stress,macro_avg,1.641359279954672,0.12125462226151652,0.9452844184151526,5,"k_exp,Re0,Rct0,Q0,Ea_kJ_mol_mean",10.035391092300415,3.219567453684551,-1.578208173729879
LSTM_main,autoregressive_rollout,k_Re0,macro_avg,2.0209341397613785,0.1850769920730786,0.9303315502152936,2,"k_exp,Re0",5.604367733001709,3.219567453684551,-1.1986333139231724
LSTM_main,autoregressive_rollout,PINNfeat_k_Re0_Q0_EaStress,macro_avg,2.4538317207928273,0.2483006701381077,0.90313529551443,5,"k_exp,Re0,Q0,stress,Ea_kJ_mol_mean",5.031674861907959,3.219567453684551,-0.7657357328917236
LSTM_main,autoregressive_rollout,k_Re0_Rct0_Q0,macro_avg,2.508244490864918,0.2177507324789327,0.9159187530874395,4,"k_exp,Re0,Rct0,Q0",4.444328546524048,3.219567453684551,-0.7113229628196329
LSTM_main,autoregressive_rollout,No_Temperature,macro_avg,2.7220061628399295,0.3583489410303617,0.872535918407483,8,"k_exp,c_rate_chg,c_rate_dischg,soc_window,age_type,Q0,Re0,Rct0",5.230932712554932,3.219567453684551,-0.4975612908446214
LSTM_main,autoregressive_rollout,PINNfeat_no_Ea,macro_avg,2.926179594079387,0.2940090707151276,0.8906760561343199,5,"k_exp,Re0,Rct0,Q0,stress",4.811449289321899,3.219567453684551,-0.293387859605164
LSTM_main,autoregressive_rollout,PINNfeat_k_Re0_Rct0_Q0_EaStress,macro_avg,3.0450299284052313,0.45718407281955553,0.8134921395641164,6,"k_exp,Re0,Rct0,Q0,stress,Ea_kJ_mol_mean",4.542780876159668,3.219567453684551,-0.17453752527931954
LSTM_main,autoregressive_rollout,No_NearZero,macro_avg,3.0777031444178125,0.3887654719053111,0.8692432697078327,6,"k_exp,temperature,c_rate_chg,Q0,Re0,Rct0",4.293711185455322,3.219567453684551,-0.14186430926673843
LSTM_main,autoregressive_rollout,Full9,macro_avg,3.219567453684551,0.41144670178007364,0.8378054465095413,9,"k_exp,temperature,c_rate_chg,c_rate_dischg,soc_window,age_type,Q0,Re0,Rct0",8.558505296707153,3.219567453684551,0.0
LSTM_main,autoregressive_rollout,No_c_rate_chg,macro_avg,3.3128852225362344,0.42931597066889626,0.8331566447979972,8,"k_exp,temperature,c_rate_dischg,soc_window,age_type,Q0,Re0,Rct0",4.392944097518921,3.219567453684551,0.09331776885168352
LSTM_main,autoregressive_rollout,No_Q0,macro_avg,3.5959626233651063,0.5455703166214482,0.7559574355279081,8,"k_exp,temperature,c_rate_chg,c_rate_dischg,soc_window,age_type,Re0,Rct0",3.9056007862091064,3.219567453684551,0.3763951696805554
LSTM_main,autoregressive_rollout,No_Re0,macro_avg,3.6974594556386906,0.525495721570811,0.7711132509968914,8,"k_exp,temperature,c_rate_chg,c_rate_dischg,soc_window,age_type,Q0,Rct0",4.663566589355469,3.219567453684551,0.4778920019541397
LSTM_main,autoregressive_rollout,No_Rct0,macro_avg,3.7949250908293233,0.42607937488564107,0.8128948417953468,8,"k_exp,temperature,c_rate_chg,c_rate_dischg,soc_window,age_type,Q0,Re0",4.135108232498169,3.219567453684551,0.5753576371447724
LSTM_main,autoregressive_rollout,k_Re0_Q0,macro_avg,3.901775176878763,0.43888937850475485,0.7689988626064125,3,"k_exp,Re0,Q0",4.0782225131988525,3.219567453684551,0.6822077231942121
LSTM_main,autoregressive_rollout,No_k_exp,macro_avg,4.403947855431854,0.5396640653996707,0.7392215205473239,8,"temperature,c_rate_chg,c_rate_dischg,soc_window,age_type,Q0,Re0,Rct0",3.8171615600585938,3.219567453684551,1.184380401747303
LSTM_main,autoregressive_rollout,No_Re0_Rct0,macro_avg,4.491061857887668,0.714742358234198,0.6204392470439448,7,"k_exp,temperature,c_rate_chg,c_rate_dischg,soc_window,age_type,Q0",4.039651393890381,3.219567453684551,1.2714944042031169
LSTM_main,teacher_forced,PINNfeat_no_stress,macro_avg,1.2359847796430552,0.1041098374929352,0.9647265878621001,5,"k_exp,Re0,Rct0,Q0,Ea_kJ_mol_mean",9.876408576965332,3.1100119909600097,-1.8740272113169545
LSTM_main,teacher_forced,k_Re0,macro_avg,1.7915940331582747,0.16055288066104717,0.9425591379772793,2,"k_exp,Re0",5.446133136749268,3.1100119909600097,-1.318417957801735
LSTM_main,teacher_forced,PINNfeat_k_Re0_Q0_EaStress,macro_avg,2.253990247317021,0.23079015586624993,0.9142363653411238,5,"k_exp,Re0,Q0,stress,Ea_kJ_mol_mean",4.871801853179932,3.1100119909600097,-0.8560217436429887
LSTM_main,teacher_forced,k_Re0_Rct0_Q0,macro_avg,2.372397955307973,0.21316048263063828,0.921999376846622,4,"k_exp,Re0,Rct0,Q0",4.286168813705444,3.1100119909600097,-0.7376140356520366
LSTM_main,teacher_forced,No_Temperature,macro_avg,2.6754721287358034,0.35252624588741177,0.8764426188601779,8,"k_exp,c_rate_chg,c_rate_dischg,soc_window,age_type,Q0,Re0,Rct0",5.073888540267944,3.1100119909600097,-0.43453986222420626
LSTM_main,teacher_forced,PINNfeat_no_Ea,macro_avg,2.71281208448706,0.2745402839431718,0.9044905043080445,5,"k_exp,Re0,Rct0,Q0,stress",4.655906915664673,3.1100119909600097,-0.39719990647294967
LSTM_main,teacher_forced,No_NearZero,macro_avg,2.946190422991606,0.37132037215326913,0.8786433959726991,6,"k_exp,temperature,c_rate_chg,Q0,Re0,Rct0",4.133879899978638,3.1100119909600097,-0.16382156796840386
LSTM_main,teacher_forced,PINNfeat_k_Re0_Rct0_Q0_EaStress,macro_avg,2.95582060738668,0.43551133068005454,0.8271044052041301,6,"k_exp,Re0,Rct0,Q0,stress,Ea_kJ_mol_mean",4.3877410888671875,3.1100119909600097,-0.1541913835733295
LSTM_main,teacher_forced,Full9,macro_avg,3.1100119909600097,0.40546476587130004,0.8435974766344991,9,"k_exp,temperature,c_rate_chg,c_rate_dischg,soc_window,age_type,Q0,Re0,Rct0",8.389847040176392,3.1100119909600097,0.0
LSTM_main,teacher_forced,No_c_rate_chg,macro_avg,3.2105519841589283,0.42478152230420213,0.8397139667272221,8,"k_exp,temperature,c_rate_dischg,soc_window,age_type,Q0,Re0,Rct0",4.234146595001221,3.1100119909600097,0.1005399931989186
LSTM_main,teacher_forced,No_Re0,macro_avg,3.5462108793244402,0.5196756047024315,0.7783891993651708,8,"k_exp,temperature,c_rate_chg,c_rate_dischg,soc_window,age_type,Q0,Rct0",4.508755207061768,3.1100119909600097,0.43619888836443055
LSTM_main,teacher_forced,No_Q0,macro_avg,3.5530735765700556,0.5404874955432172,0.7603309462501093,8,"k_exp,temperature,c_rate_chg,c_rate_dischg,soc_window,age_type,Re0,Rct0",3.745572090148926,3.1100119909600097,0.44306158561004594
LSTM_main,teacher_forced,No_Rct0,macro_avg,3.615255329117309,0.4105631610686149,0.8286254666227681,8,"k_exp,temperature,c_rate_chg,c_rate_dischg,soc_window,age_type,Q0,Re0",3.9740593433380127,3.1100119909600097,0.5052433381572992
LSTM_main,teacher_forced,k_Re0_Q0,macro_avg,3.7213109079497046,0.43528335788652706,0.7887724132089655,3,"k_exp,Re0,Q0",3.91969895362854,3.1100119909600097,0.611298916989695
LSTM_main,teacher_forced,No_Re0_Rct0,macro_avg,4.175981931607346,0.6309420468894615,0.6961139369066599,7,"k_exp,temperature,c_rate_chg,c_rate_dischg,soc_window,age_type,Q0",3.8800735473632812,3.1100119909600097,1.0659699406473364
LSTM_main,teacher_forced,No_k_exp,macro_avg,4.370403481363518,0.5386973286375105,0.7423577077213339,8,"temperature,c_rate_chg,c_rate_dischg,soc_window,age_type,Q0,Re0,Rct0",3.6586484909057617,3.1100119909600097,1.2603914904035087
PINN_phys,pointwise,PINNfeat_k_Re0_Rct0_Q0_EaStress,macro_avg,7.200655355605152,1.1273975135997825,0.5410796022058758,6,"k_exp,Re0,Rct0,Q0,stress,Ea_kJ_mol_mean",3.155041456222534,10.084801785979852,-2.8841464303747006
PINN_phys,pointwise,PINNfeat_no_stress,macro_avg,7.808659478635452,1.2343408273043406,0.4441664801097379,5,"k_exp,Re0,Rct0,Q0,Ea_kJ_mol_mean",4.304346799850464,10.084801785979852,-2.2761423073444007
PINN_phys,pointwise,No_Q0,macro_avg,8.249123144512664,1.2748995197420911,0.49581654401969044,8,"k_exp,temperature,c_rate_chg,c_rate_dischg,soc_window,age_type,Re0,Rct0",3.6513218879699707,10.084801785979852,-1.8356786414671884
PINN_phys,pointwise,PINNfeat_k_Re0_Q0_EaStress,macro_avg,8.311179245886054,1.1619461429209452,0.4046561233212394,5,"k_exp,Re0,Q0,stress,Ea_kJ_mol_mean",3.254765033721924,10.084801785979852,-1.7736225400937986
PINN_phys,pointwise,No_c_rate_chg,macro_avg,8.593934926591743,1.348065535545452,0.42945515854301525,8,"k_exp,temperature,c_rate_dischg,soc_window,age_type,Q0,Re0,Rct0",3.5171563625335693,10.084801785979852,-1.4908668593881096
PINN_phys,pointwise,PINNfeat_no_Ea,macro_avg,8.739454852612736,1.1958646296298987,0.42682428884323326,5,"k_exp,Re0,Rct0,Q0,stress",3.5091960430145264,10.084801785979852,-1.3453469333671162
PINN_phys,pointwise,k_Re0,macro_avg,8.874513777758704,1.2803360167054405,0.4474837500649828,2,"k_exp,Re0",3.9354779720306396,10.084801785979852,-1.2102880082211485
PINN_phys,pointwise,k_Re0_Q0,macro_avg,9.032116917593232,1.3272060339994893,0.4081052350494226,3,"k_exp,Re0,Q0",3.844106912612915,10.084801785979852,-1.0526848683866206
PINN_phys,pointwise,k_Re0_Rct0_Q0,macro_avg,9.231050760552002,1.361606320610623,0.4336327964667301,4,"k_exp,Re0,Rct0,Q0",3.291933536529541,10.084801785979852,-0.8537510254278509
PINN_phys,pointwise,No_Temperature,macro_avg,9.246108638111217,1.4034353494012073,0.4322636867036481,8,"k_exp,c_rate_chg,c_rate_dischg,soc_window,age_type,Q0,Re0,Rct0",3.7802374362945557,10.084801785979852,-0.8386931478686357
PINN_phys,pointwise,No_Rct0,macro_avg,9.350141307599438,1.4108942973020937,0.398907064536542,8,"k_exp,temperature,c_rate_chg,c_rate_dischg,soc_window,age_type,Q0,Re0",3.8178648948669434,10.084801785979852,-0.7346604783804143
PINN_phys,pointwise,No_NearZero,macro_avg,9.40404967624844,1.391638958552035,0.38599814995528386,6,"k_exp,temperature,c_rate_chg,Q0,Re0,Rct0",3.5116212368011475,10.084801785979852,-0.6807521097314133
PINN_phys,pointwise,No_Re0,macro_avg,9.556371924241146,1.4712134177979226,0.33526841085372544,8,"k_exp,temperature,c_rate_chg,c_rate_dischg,soc_window,age_type,Q0,Rct0",3.863241672515869,10.084801785979852,-0.5284298617387062
PINN_phys,pointwise,Full9,macro_avg,10.084801785979852,1.5552023230848686,0.3293006075516804,9,"k_exp,temperature,c_rate_chg,c_rate_dischg,soc_window,age_type,Q0,Re0,Rct0",3.4952540397644043,10.084801785979852,0.0
PINN_phys,pointwise,No_Re0_Rct0,macro_avg,11.301481459169212,1.9464561743769249,0.07200391819983776,7,"k_exp,temperature,c_rate_chg,c_rate_dischg,soc_window,age_type,Q0",5.556079864501953,10.084801785979852,1.2166796731893594
PINN_pred,pointwise,PINNfeat_k_Re0_Q0_EaStress,macro_avg,8.216145432251338,1.157519853170033,0.4654844139267961,5,"k_exp,Re0,Q0,stress,Ea_kJ_mol_mean",2.487611770629883,8.826070848540208,-0.6099254162888705
PINN_pred,pointwise,PINNfeat_k_Re0_Rct0_Q0_EaStress,macro_avg,8.338216772925861,1.2056612665543878,0.42098129138241436,6,"k_exp,Re0,Rct0,Q0,stress,Ea_kJ_mol_mean",2.6498517990112305,8.826070848540208,-0.48785407561434724
PINN_pred,pointwise,No_c_rate_chg,macro_avg,8.372149829441529,1.3278497763203698,0.47391508512062525,8,"k_exp,temperature,c_rate_dischg,soc_window,age_type,Q0,Re0,Rct0",2.219377040863037,8.826070848540208,-0.4539210190986793
PINN_pred,pointwise,No_Q0,macro_avg,8.424437874046268,1.2725763369779532,0.4604533092559967,8,"k_exp,temperature,c_rate_chg,c_rate_dischg,soc_window,age_type,Re0,Rct0",2.3326518535614014,8.826070848540208,-0.40163297449394086
PINN_pred,pointwise,PINNfeat_no_Ea,macro_avg,8.495715697666215,1.1977240517227266,0.4457403990025838,5,"k_exp,Re0,Rct0,Q0,stress",2.221958637237549,8.826070848540208,-0.33035515087399325
PINN_pred,pointwise,k_Re0,macro_avg,8.762687069854907,1.3113798448511353,0.4546628844082389,2,"k_exp,Re0",3.1425373554229736,8.826070848540208,-0.0633837786853011
PINN_pred,pointwise,No_NearZero,macro_avg,8.76575242848051,1.4253643749783964,0.4072527933631527,6,"k_exp,temperature,c_rate_chg,Q0,Re0,Rct0",3.6315860748291016,8.826070848540208,-0.060318420059697786
PINN_pred,pointwise,Full9,macro_avg,8.826070848540208,1.5134989112769641,0.3946426116180918,9,"k_exp,temperature,c_rate_chg,c_rate_dischg,soc_window,age_type,Q0,Re0,Rct0",4.239415407180786,8.826070848540208,0.0
PINN_pred,pointwise,PINNfeat_no_stress,macro_avg,8.92880618609447,1.2958266694626832,0.27671572860432675,5,"k_exp,Re0,Rct0,Q0,Ea_kJ_mol_mean",3.3763368129730225,8.826070848540208,0.10273533755426101
PINN_pred,pointwise,k_Re0_Q0,macro_avg,9.041387881466239,1.3135369359676743,0.39802212511280277,3,"k_exp,Re0,Q0",2.604482889175415,8.826070848540208,0.21531703292603055
PINN_pred,pointwise,No_Temperature,macro_avg,9.099653124063856,1.3689199387857838,0.4175901531644585,8,"k_exp,c_rate_chg,c_rate_dischg,soc_window,age_type,Q0,Re0,Rct0",2.1259140968322754,8.826070848540208,0.27358227552364767
PINN_pred,pointwise,No_Re0,macro_avg,9.272341613323427,1.4434330298145486,0.4094071538459373,8,"k_exp,temperature,c_rate_chg,c_rate_dischg,soc_window,age_type,Q0,Rct0",2.4564335346221924,8.826070848540208,0.44627076478321825
PINN_pred,pointwise,k_Re0_Rct0_Q0,macro_avg,9.321358129724477,1.3378053051335332,0.3896232898496037,4,"k_exp,Re0,Rct0,Q0",2.4880728721618652,8.826070848540208,0.4952872811842681
PINN_pred,pointwise,No_Rct0,macro_avg,9.503593391430682,1.4619909684126187,0.4171998789334878,8,"k_exp,temperature,c_rate_chg,c_rate_dischg,soc_window,age_type,Q0,Re0",2.2680673599243164,8.826070848540208,0.6775225428904736
PINN_pred,pointwise,No_Re0_Rct0,macro_avg,10.955166089727454,1.7174985092673352,0.22971415692231245,7,"k_exp,temperature,c_rate_chg,c_rate_dischg,soc_window,age_type,Q0",1.886446237564087,8.826070848540208,2.1290952411872457
