fold,variant,protocol,target,MAPE,RMSE,R2,n_eval_rows,n_heldout_cells,seconds,features
1,LSTM_main_full9_teacher_forced,teacher_forced,Q,2.528609214481585,0.09389766593332004,0.915799529162134,188,46,14.07973599433899,"k_exp,temperature,c_rate_chg,c_rate_dischg,soc_window,age_type,Q0,Re0,Rct0"
1,LSTM_main_full9_teacher_forced,teacher_forced,Re,1.3726177629021905,0.41652421488428615,0.9612049194128652,188,46,14.07973599433899,"k_exp,temperature,c_rate_chg,c_rate_dischg,soc_window,age_type,Q0,Re0,Rct0"
1,LSTM_main_full9_teacher_forced,teacher_forced,macro_avg,1.9506134886918876,0.2552109404088031,0.9385022242874996,188,46,14.07973599433899,"k_exp,temperature,c_rate_chg,c_rate_dischg,soc_window,age_type,Q0,Re0,Rct0"
1,LSTM_main_full9_rollout,autoregressive_rollout,Q,2.714132880030049,0.09891296887045896,0.9065646103579811,188,46,14.477465629577637,"k_exp,temperature,c_rate_chg,c_rate_dischg,soc_window,age_type,Q0,Re0,Rct0"
1,LSTM_main_full9_rollout,autoregressive_rollout,Re,1.468030822506138,0.4337669484468308,0.957926459085781,188,46,14.477465629577637,"k_exp,temperature,c_rate_chg,c_rate_dischg,soc_window,age_type,Q0,Re0,Rct0"
1,LSTM_main_full9_rollout,autoregressive_rollout,macro_avg,2.0910818512680933,0.26633995865864485,0.932245534721881,188,46,14.477465629577637,"k_exp,temperature,c_rate_chg,c_rate_dischg,soc_window,age_type,Q0,Re0,Rct0"
1,LSTM_sparse_k_Re0_rollout,autoregressive_rollout,Q,3.7016958554049886,0.13360168239253248,0.8295375287091985,188,46,14.78848934173584,"k_exp,Re0"
1,LSTM_sparse_k_Re0_rollout,autoregressive_rollout,Re,1.0816856267078205,0.3780335788270663,0.9680436694361543,188,46,14.78848934173584,"k_exp,Re0"
1,LSTM_sparse_k_Re0_rollout,autoregressive_rollout,macro_avg,2.3916907410564043,0.2558176306097994,0.8987905990726763,188,46,14.78848934173584,"k_exp,Re0"
1,PINNfeat_sparse_k_Re0_Q0_EaStress_rollout,autoregressive_rollout,Q,5.2735058808113475,0.1584921966069796,0.7601052767730007,188,46,8.357769966125488,"k_exp,Re0,Q0,stress,Ea_kJ_mol_mean"
1,PINNfeat_sparse_k_Re0_Q0_EaStress_rollout,autoregressive_rollout,Re,2.264223483118375,0.6031543634438028,0.9186508353815843,188,46,8.357769966125488,"k_exp,Re0,Q0,stress,Ea_kJ_mol_mean"
1,PINNfeat_sparse_k_Re0_Q0_EaStress_rollout,autoregressive_rollout,macro_avg,3.7688646819648612,0.38082328002539123,0.8393780560772925,188,46,8.357769966125488,"k_exp,Re0,Q0,stress,Ea_kJ_mol_mean"
1,PINNfeat_sparse_k_Re0_Rct0_Q0_EaStress_rollout,autoregressive_rollout,Q,3.6449327830175022,0.12307920213282209,0.8553314026545416,188,46,13.914739847183228,"k_exp,Re0,Rct0,Q0,stress,Ea_kJ_mol_mean"
1,PINNfeat_sparse_k_Re0_Rct0_Q0_EaStress_rollout,autoregressive_rollout,Re,1.2630152327325774,0.4209597499834785,0.9603742682638763,188,46,13.914739847183228,"k_exp,Re0,Rct0,Q0,stress,Ea_kJ_mol_mean"
1,PINNfeat_sparse_k_Re0_Rct0_Q0_EaStress_rollout,autoregressive_rollout,macro_avg,2.45397400787504,0.2720194760581503,0.9078528354592089,188,46,13.914739847183228,"k_exp,Re0,Rct0,Q0,stress,Ea_kJ_mol_mean"
1,PINN_pred_full9,pointwise,Q,6.130241864437554,0.19858161061771534,0.5414086976758595,846,46,1.8809888362884521,"k_exp,temperature,c_rate_chg,c_rate_dischg,soc_window,age_type,Q0,Re0,Rct0"
1,PINN_pred_full9,pointwise,Re,9.07820859195618,2.0747008587583093,0.44900321239330976,846,46,1.8809888362884521,"k_exp,temperature,c_rate_chg,c_rate_dischg,soc_window,age_type,Q0,Re0,Rct0"
1,PINN_pred_full9,pointwise,macro_avg,7.604225228196867,1.1366412346880124,0.49520595503458464,846,46,1.8809888362884521,"k_exp,temperature,c_rate_chg,c_rate_dischg,soc_window,age_type,Q0,Re0,Rct0"
1,PINN_phys_full9,pointwise,Q,6.146210610144524,0.19720047659339476,0.547765514759127,846,46,3.451057195663452,"k_exp,temperature,c_rate_chg,c_rate_dischg,soc_window,age_type,Q0,Re0,Rct0"
1,PINN_phys_full9,pointwise,Re,10.18336225893815,2.258087937044351,0.3472907087704564,846,46,3.451057195663452,"k_exp,temperature,c_rate_chg,c_rate_dischg,soc_window,age_type,Q0,Re0,Rct0"
1,PINN_phys_full9,pointwise,macro_avg,8.164786434541337,1.2276442068188729,0.44752811176479174,846,46,3.451057195663452,"k_exp,temperature,c_rate_chg,c_rate_dischg,soc_window,age_type,Q0,Re0,Rct0"
2,LSTM_main_full9_teacher_forced,teacher_forced,Q,3.5631909677332803,0.11654682848866926,0.872650298275053,168,46,7.206310033798218,"k_exp,temperature,c_rate_chg,c_rate_dischg,soc_window,age_type,Q0,Re0,Rct0"
2,LSTM_main_full9_teacher_forced,teacher_forced,Re,1.4193263590100484,0.3622156801784435,0.9766187557724667,168,46,7.206310033798218,"k_exp,temperature,c_rate_chg,c_rate_dischg,soc_window,age_type,Q0,Re0,Rct0"
2,LSTM_main_full9_teacher_forced,teacher_forced,macro_avg,2.4912586633716645,0.2393812543335564,0.9246345270237599,168,46,7.206310033798218,"k_exp,temperature,c_rate_chg,c_rate_dischg,soc_window,age_type,Q0,Re0,Rct0"
2,LSTM_main_full9_rollout,autoregressive_rollout,Q,3.8173433290713756,0.1250901797949267,0.8532954965090084,168,46,7.544311046600342,"k_exp,temperature,c_rate_chg,c_rate_dischg,soc_window,age_type,Q0,Re0,Rct0"
2,LSTM_main_full9_rollout,autoregressive_rollout,Re,1.4332695344493742,0.3572218000027621,0.9772590274652501,168,46,7.544311046600342,"k_exp,temperature,c_rate_chg,c_rate_dischg,soc_window,age_type,Q0,Re0,Rct0"
2,LSTM_main_full9_rollout,autoregressive_rollout,macro_avg,2.625306431760375,0.2411559898988444,0.9152772619871292,168,46,7.544311046600342,"k_exp,temperature,c_rate_chg,c_rate_dischg,soc_window,age_type,Q0,Re0,Rct0"
2,LSTM_sparse_k_Re0_rollout,autoregressive_rollout,Q,4.721320826206562,0.18230623984757813,0.6883981125288583,168,46,10.478650331497192,"k_exp,Re0"
2,LSTM_sparse_k_Re0_rollout,autoregressive_rollout,Re,0.7224781006794144,0.20310292223189225,0.9926486776142284,168,46,10.478650331497192,"k_exp,Re0"
2,LSTM_sparse_k_Re0_rollout,autoregressive_rollout,macro_avg,2.7218994634429885,0.1927045810397352,0.8405233950715434,168,46,10.478650331497192,"k_exp,Re0"
2,PINNfeat_sparse_k_Re0_Q0_EaStress_rollout,autoregressive_rollout,Q,4.160543815265878,0.1616375074939973,0.7550478238285223,168,46,9.499062538146973,"k_exp,Re0,Q0,stress,Ea_kJ_mol_mean"
2,PINNfeat_sparse_k_Re0_Q0_EaStress_rollout,autoregressive_rollout,Re,0.6254594872230166,0.22244419943508514,0.991181894399579,168,46,9.499062538146973,"k_exp,Re0,Q0,stress,Ea_kJ_mol_mean"
2,PINNfeat_sparse_k_Re0_Q0_EaStress_rollout,autoregressive_rollout,macro_avg,2.393001651244447,0.19204085346454122,0.8731148591140507,168,46,9.499062538146973,"k_exp,Re0,Q0,stress,Ea_kJ_mol_mean"
2,PINNfeat_sparse_k_Re0_Rct0_Q0_EaStress_rollout,autoregressive_rollout,Q,3.9803209581562764,0.13920060892669103,0.8183316454688601,168,46,8.103401899337769,"k_exp,Re0,Rct0,Q0,stress,Ea_kJ_mol_mean"
2,PINNfeat_sparse_k_Re0_Rct0_Q0_EaStress_rollout,autoregressive_rollout,Re,1.2275951074025122,0.32400945415113547,0.9812910898327564,168,46,8.103401899337769,"k_exp,Re0,Rct0,Q0,stress,Ea_kJ_mol_mean"
2,PINNfeat_sparse_k_Re0_Rct0_Q0_EaStress_rollout,autoregressive_rollout,macro_avg,2.6039580327793943,0.23160503153891326,0.8998113676508082,168,46,8.103401899337769,"k_exp,Re0,Rct0,Q0,stress,Ea_kJ_mol_mean"
2,PINN_pred_full9,pointwise,Q,5.653517984376872,0.18342456580972513,0.609738688849989,815,46,3.1892244815826416,"k_exp,temperature,c_rate_chg,c_rate_dischg,soc_window,age_type,Q0,Re0,Rct0"
2,PINN_pred_full9,pointwise,Re,9.172824387589682,2.193848786584401,0.4601065871323512,815,46,3.1892244815826416,"k_exp,temperature,c_rate_chg,c_rate_dischg,soc_window,age_type,Q0,Re0,Rct0"
2,PINN_pred_full9,pointwise,macro_avg,7.413171185983277,1.1886366761970633,0.5349226379911701,815,46,3.1892244815826416,"k_exp,temperature,c_rate_chg,c_rate_dischg,soc_window,age_type,Q0,Re0,Rct0"
2,PINN_phys_full9,pointwise,Q,6.472641956873263,0.21210954444278582,0.4781316938515733,815,46,3.687621831893921,"k_exp,temperature,c_rate_chg,c_rate_dischg,soc_window,age_type,Q0,Re0,Rct0"
2,PINN_phys_full9,pointwise,Re,9.066724757058369,2.053799201771896,0.5268371814788879,815,46,3.687621831893921,"k_exp,temperature,c_rate_chg,c_rate_dischg,soc_window,age_type,Q0,Re0,Rct0"
2,PINN_phys_full9,pointwise,macro_avg,7.769683356965816,1.1329543731073408,0.5024844376652307,815,46,3.687621831893921,"k_exp,temperature,c_rate_chg,c_rate_dischg,soc_window,age_type,Q0,Re0,Rct0"
3,LSTM_main_full9_teacher_forced,teacher_forced,Q,1.1502598832729298,0.04745739997136718,0.96212775159439,171,46,12.403945207595825,"k_exp,temperature,c_rate_chg,c_rate_dischg,soc_window,age_type,Q0,Re0,Rct0"
3,LSTM_main_full9_teacher_forced,teacher_forced,Re,0.42566500620406555,0.10096487037670537,0.9933358285716571,171,46,12.403945207595825,"k_exp,temperature,c_rate_chg,c_rate_dischg,soc_window,age_type,Q0,Re0,Rct0"
3,LSTM_main_full9_teacher_forced,teacher_forced,macro_avg,0.7879624447384976,0.07421113517403627,0.9777317900830236,171,46,12.403945207595825,"k_exp,temperature,c_rate_chg,c_rate_dischg,soc_window,age_type,Q0,Re0,Rct0"
3,LSTM_main_full9_rollout,autoregressive_rollout,Q,1.4288234428473376,0.05736106025699001,0.9446716718358731,171,46,12.756344079971313,"k_exp,temperature,c_rate_chg,c_rate_dischg,soc_window,age_type,Q0,Re0,Rct0"
3,LSTM_main_full9_rollout,autoregressive_rollout,Re,0.4952654626433201,0.1191243525246056,0.9907230186724488,171,46,12.756344079971313,"k_exp,temperature,c_rate_chg,c_rate_dischg,soc_window,age_type,Q0,Re0,Rct0"
3,LSTM_main_full9_rollout,autoregressive_rollout,macro_avg,0.9620444527453289,0.0882427063907978,0.967697345254161,171,46,12.756344079971313,"k_exp,temperature,c_rate_chg,c_rate_dischg,soc_window,age_type,Q0,Re0,Rct0"
3,LSTM_sparse_k_Re0_rollout,autoregressive_rollout,Q,2.3832431575971014,0.10633113813968653,0.8098772304771958,171,46,15.113110780715942,"k_exp,Re0"
3,LSTM_sparse_k_Re0_rollout,autoregressive_rollout,Re,0.37691270891056927,0.12114794396399191,0.9904051614317279,171,46,15.113110780715942,"k_exp,Re0"
3,LSTM_sparse_k_Re0_rollout,autoregressive_rollout,macro_avg,1.3800779332538353,0.11373954105183923,0.9001411959544618,171,46,15.113110780715942,"k_exp,Re0"
3,PINNfeat_sparse_k_Re0_Q0_EaStress_rollout,autoregressive_rollout,Q,2.320149247335943,0.1010217322310376,0.8283899059299225,171,46,14.722706317901611,"k_exp,Re0,Q0,stress,Ea_kJ_mol_mean"
3,PINNfeat_sparse_k_Re0_Q0_EaStress_rollout,autoregressive_rollout,Re,0.8634628529093972,0.48655590153288614,0.8452356010779986,171,46,14.722706317901611,"k_exp,Re0,Q0,stress,Ea_kJ_mol_mean"
3,PINNfeat_sparse_k_Re0_Q0_EaStress_rollout,autoregressive_rollout,macro_avg,1.59180605012267,0.29378881688196185,0.8368127535039604,171,46,14.722706317901611,"k_exp,Re0,Q0,stress,Ea_kJ_mol_mean"
3,PINNfeat_sparse_k_Re0_Rct0_Q0_EaStress_rollout,autoregressive_rollout,Q,2.2165811609371655,0.09301105880652884,0.8545270038464561,171,46,9.680821418762207,"k_exp,Re0,Rct0,Q0,stress,Ea_kJ_mol_mean"
3,PINNfeat_sparse_k_Re0_Rct0_Q0_EaStress_rollout,autoregressive_rollout,Re,1.0526141690169504,0.3436350082581089,0.9228030077582386,171,46,9.680821418762207,"k_exp,Re0,Rct0,Q0,stress,Ea_kJ_mol_mean"
3,PINNfeat_sparse_k_Re0_Rct0_Q0_EaStress_rollout,autoregressive_rollout,macro_avg,1.634597664977058,0.21832303353231886,0.8886650058023473,171,46,9.680821418762207,"k_exp,Re0,Rct0,Q0,stress,Ea_kJ_mol_mean"
3,PINN_pred_full9,pointwise,Q,5.7641737504016906,0.19002899072922522,0.514848225477146,817,46,2.2206027507781982,"k_exp,temperature,c_rate_chg,c_rate_dischg,soc_window,age_type,Q0,Re0,Rct0"
3,PINN_pred_full9,pointwise,Re,9.952067836888006,2.090787937622895,0.2343182109548393,817,46,2.2206027507781982,"k_exp,temperature,c_rate_chg,c_rate_dischg,soc_window,age_type,Q0,Re0,Rct0"
3,PINN_pred_full9,pointwise,macro_avg,7.858120793644848,1.1404084641760601,0.37458321821599266,817,46,2.2206027507781982,"k_exp,temperature,c_rate_chg,c_rate_dischg,soc_window,age_type,Q0,Re0,Rct0"
3,PINN_phys_full9,pointwise,Q,6.135801681331604,0.1965164914239945,0.4811570689205925,817,46,3.4727418422698975,"k_exp,temperature,c_rate_chg,c_rate_dischg,soc_window,age_type,Q0,Re0,Rct0"
3,PINN_phys_full9,pointwise,Re,10.84340009174139,2.2072644811259665,0.14663054136093745,817,46,3.4727418422698975,"k_exp,temperature,c_rate_chg,c_rate_dischg,soc_window,age_type,Q0,Re0,Rct0"
3,PINN_phys_full9,pointwise,macro_avg,8.489600886536497,1.2018904862749804,0.313893805140765,817,46,3.4727418422698975,"k_exp,temperature,c_rate_chg,c_rate_dischg,soc_window,age_type,Q0,Re0,Rct0"
4,LSTM_main_full9_teacher_forced,teacher_forced,Q,1.0566835971271493,0.036258315663432614,0.9722786124491913,150,45,8.208133697509766,"k_exp,temperature,c_rate_chg,c_rate_dischg,soc_window,age_type,Q0,Re0,Rct0"
4,LSTM_main_full9_teacher_forced,teacher_forced,Re,0.5761120136632688,0.16846385428271715,0.9829662408596694,150,45,8.208133697509766,"k_exp,temperature,c_rate_chg,c_rate_dischg,soc_window,age_type,Q0,Re0,Rct0"
4,LSTM_main_full9_teacher_forced,teacher_forced,macro_avg,0.816397805395209,0.10236108497307489,0.9776224266544304,150,45,8.208133697509766,"k_exp,temperature,c_rate_chg,c_rate_dischg,soc_window,age_type,Q0,Re0,Rct0"
4,LSTM_main_full9_rollout,autoregressive_rollout,Q,1.3411532187067499,0.04563831755398124,0.956080340448402,150,45,8.523028373718262,"k_exp,temperature,c_rate_chg,c_rate_dischg,soc_window,age_type,Q0,Re0,Rct0"
4,LSTM_main_full9_rollout,autoregressive_rollout,Re,0.6112429199553477,0.1769380147419305,0.9812094567156663,150,45,8.523028373718262,"k_exp,temperature,c_rate_chg,c_rate_dischg,soc_window,age_type,Q0,Re0,Rct0"
4,LSTM_main_full9_rollout,autoregressive_rollout,macro_avg,0.9761980693310488,0.11128816614795586,0.9686448985820342,150,45,8.523028373718262,"k_exp,temperature,c_rate_chg,c_rate_dischg,soc_window,age_type,Q0,Re0,Rct0"
4,LSTM_sparse_k_Re0_rollout,autoregressive_rollout,Q,1.9254483327053988,0.07815612980197176,0.8711970516765036,150,45,13.26319670677185,"k_exp,Re0"
4,LSTM_sparse_k_Re0_rollout,autoregressive_rollout,Re,0.2047840943343085,0.05738726425222302,0.998023357722875,150,45,13.26319670677185,"k_exp,Re0"
4,LSTM_sparse_k_Re0_rollout,autoregressive_rollout,macro_avg,1.0651162135198537,0.06777169702709739,0.9346102046996894,150,45,13.26319670677185,"k_exp,Re0"
4,PINNfeat_sparse_k_Re0_Q0_EaStress_rollout,autoregressive_rollout,Q,2.559654201616581,0.12259989906791545,0.6830578946345531,150,45,13.8675377368927,"k_exp,Re0,Q0,stress,Ea_kJ_mol_mean"
4,PINNfeat_sparse_k_Re0_Q0_EaStress_rollout,autoregressive_rollout,Re,0.3953458353885144,0.08617185334334748,0.9955431511679151,150,45,13.8675377368927,"k_exp,Re0,Q0,stress,Ea_kJ_mol_mean"
4,PINNfeat_sparse_k_Re0_Q0_EaStress_rollout,autoregressive_rollout,macro_avg,1.4775000185025475,0.10438587620563147,0.8393005229012341,150,45,13.8675377368927,"k_exp,Re0,Q0,stress,Ea_kJ_mol_mean"
4,PINNfeat_sparse_k_Re0_Rct0_Q0_EaStress_rollout,autoregressive_rollout,Q,1.66720063206913,0.05531244476686175,0.9354872697716087,150,45,8.609141826629639,"k_exp,Re0,Rct0,Q0,stress,Ea_kJ_mol_mean"
4,PINNfeat_sparse_k_Re0_Rct0_Q0_EaStress_rollout,autoregressive_rollout,Re,0.642173743461405,0.1283945548991384,0.9901055821115642,150,45,8.609141826629639,"k_exp,Re0,Rct0,Q0,stress,Ea_kJ_mol_mean"
4,PINNfeat_sparse_k_Re0_Rct0_Q0_EaStress_rollout,autoregressive_rollout,macro_avg,1.1546871877652674,0.09185349983300008,0.9627964259415864,150,45,8.609141826629639,"k_exp,Re0,Rct0,Q0,stress,Ea_kJ_mol_mean"
4,PINN_pred_full9,pointwise,Q,5.462616379837111,0.17881690778501297,0.5698027471432894,746,45,3.675583600997925,"k_exp,temperature,c_rate_chg,c_rate_dischg,soc_window,age_type,Q0,Re0,Rct0"
4,PINN_pred_full9,pointwise,Re,9.669980553070701,2.509915076360334,-0.039677626111596975,746,45,3.675583600997925,"k_exp,temperature,c_rate_chg,c_rate_dischg,soc_window,age_type,Q0,Re0,Rct0"
4,PINN_pred_full9,pointwise,macro_avg,7.566298466453906,1.3443659920726734,0.2650625605158462,746,45,3.675583600997925,"k_exp,temperature,c_rate_chg,c_rate_dischg,soc_window,age_type,Q0,Re0,Rct0"
4,PINN_phys_full9,pointwise,Q,6.101821794571595,0.19406561861227586,0.4933037692098581,746,45,6.489239454269409,"k_exp,temperature,c_rate_chg,c_rate_dischg,soc_window,age_type,Q0,Re0,Rct0"
4,PINN_phys_full9,pointwise,Re,9.508963719329056,2.477120647736774,-0.012686364078759782,746,45,6.489239454269409,"k_exp,temperature,c_rate_chg,c_rate_dischg,soc_window,age_type,Q0,Re0,Rct0"
4,PINN_phys_full9,pointwise,macro_avg,7.805392756950326,1.335593133174525,0.24030870256554915,746,45,6.489239454269409,"k_exp,temperature,c_rate_chg,c_rate_dischg,soc_window,age_type,Q0,Re0,Rct0"
5,LSTM_main_full9_teacher_forced,teacher_forced,Q,1.71832978629825,0.06750613851285556,0.9344461443492684,150,45,14.909968852996826,"k_exp,temperature,c_rate_chg,c_rate_dischg,soc_window,age_type,Q0,Re0,Rct0"
5,LSTM_main_full9_teacher_forced,teacher_forced,Re,0.7346419873053993,0.29048846679724355,0.9469937692726671,150,45,14.909968852996826,"k_exp,temperature,c_rate_chg,c_rate_dischg,soc_window,age_type,Q0,Re0,Rct0"
5,LSTM_main_full9_teacher_forced,teacher_forced,macro_avg,1.2264858868018247,0.17899730265504954,0.9407199568109678,150,45,14.909968852996826,"k_exp,temperature,c_rate_chg,c_rate_dischg,soc_window,age_type,Q0,Re0,Rct0"
5,LSTM_main_full9_rollout,autoregressive_rollout,Q,2.1122734610127893,0.0807273372541583,0.9062539530446235,150,45,15.205585241317749,"k_exp,temperature,c_rate_chg,c_rate_dischg,soc_window,age_type,Q0,Re0,Rct0"
5,LSTM_main_full9_rollout,autoregressive_rollout,Re,0.8481426093956728,0.3405744227370553,0.9271393246760428,150,45,15.205585241317749,"k_exp,temperature,c_rate_chg,c_rate_dischg,soc_window,age_type,Q0,Re0,Rct0"
5,LSTM_main_full9_rollout,autoregressive_rollout,macro_avg,1.480208035204231,0.2106508799956068,0.9166966388603331,150,45,15.205585241317749,"k_exp,temperature,c_rate_chg,c_rate_dischg,soc_window,age_type,Q0,Re0,Rct0"
5,LSTM_sparse_k_Re0_rollout,autoregressive_rollout,Q,3.121594948842138,0.118988905796894,0.7963311318968707,150,45,12.383733749389648,"k_exp,Re0"
5,LSTM_sparse_k_Re0_rollout,autoregressive_rollout,Re,0.5575221418964968,0.13609647049292467,0.9883650945402082,150,45,12.383733749389648,"k_exp,Re0"
5,LSTM_sparse_k_Re0_rollout,autoregressive_rollout,macro_avg,1.8395585453693175,0.12754268814490932,0.8923481132185394,150,45,12.383733749389648,"k_exp,Re0"
5,PINNfeat_sparse_k_Re0_Q0_EaStress_rollout,autoregressive_rollout,Q,1.9191043066815072,0.07646860281666855,0.9158841150437623,150,45,15.335270881652832,"k_exp,Re0,Q0,stress,Ea_kJ_mol_mean"
5,PINNfeat_sparse_k_Re0_Q0_EaStress_rollout,autoregressive_rollout,Re,0.5064230703474458,0.13351049861374692,0.9888030440514001,150,45,15.335270881652832,"k_exp,Re0,Q0,stress,Ea_kJ_mol_mean"
5,PINNfeat_sparse_k_Re0_Q0_EaStress_rollout,autoregressive_rollout,macro_avg,1.2127636885144766,0.10498955071520774,0.9523435795475812,150,45,15.335270881652832,"k_exp,Re0,Q0,stress,Ea_kJ_mol_mean"
5,PINNfeat_sparse_k_Re0_Rct0_Q0_EaStress_rollout,autoregressive_rollout,Q,2.933387074906404,0.10598826221006,0.838405248478229,150,45,5.377909898757935,"k_exp,Re0,Rct0,Q0,stress,Ea_kJ_mol_mean"
5,PINNfeat_sparse_k_Re0_Rct0_Q0_EaStress_rollout,autoregressive_rollout,Re,2.2487555204575145,0.6603222124768776,0.7261069909587691,150,45,5.377909898757935,"k_exp,Re0,Rct0,Q0,stress,Ea_kJ_mol_mean"
5,PINNfeat_sparse_k_Re0_Rct0_Q0_EaStress_rollout,autoregressive_rollout,macro_avg,2.5910712976819594,0.3831552373434688,0.782256119718499,150,45,5.377909898757935,"k_exp,Re0,Rct0,Q0,stress,Ea_kJ_mol_mean"
5,PINN_pred_full9,pointwise,Q,5.492938808502385,0.17699105679714017,0.6064440535133157,756,45,4.082944869995117,"k_exp,temperature,c_rate_chg,c_rate_dischg,soc_window,age_type,Q0,Re0,Rct0"
5,PINN_pred_full9,pointwise,Re,9.227528189814933,2.4257853484051104,-0.028563848545648973,756,45,4.082944869995117,"k_exp,temperature,c_rate_chg,c_rate_dischg,soc_window,age_type,Q0,Re0,Rct0"
5,PINN_pred_full9,pointwise,macro_avg,7.360233499158658,1.3013882026011252,0.28894010248383334,756,45,4.082944869995117,"k_exp,temperature,c_rate_chg,c_rate_dischg,soc_window,age_type,Q0,Re0,Rct0"
5,PINN_phys_full9,pointwise,Q,5.375120370185316,0.17685254320784152,0.6070598079676601,756,45,6.178364276885986,"k_exp,temperature,c_rate_chg,c_rate_dischg,soc_window,age_type,Q0,Re0,Rct0"
5,PINN_phys_full9,pointwise,Re,10.653413434708334,2.5052775335631154,-0.09707976874897084,756,45,6.178364276885986,"k_exp,temperature,c_rate_chg,c_rate_dischg,soc_window,age_type,Q0,Re0,Rct0"
5,PINN_phys_full9,pointwise,macro_avg,8.014266902446824,1.3410650383854785,0.25499001960934464,756,45,6.178364276885986,"k_exp,temperature,c_rate_chg,c_rate_dischg,soc_window,age_type,Q0,Re0,Rct0"
