original_relative_path,bytes,sha256,classification
01_authored_notebooks/final_paper_results_synthesis.ipynb,28541,29cde80ebce389962a12905eabb7e15f19bc9e04a7ab9277d01040af1d45aa40,notebook
01_authored_notebooks/phase1_grouped_cv_lstm.ipynb,46628,993ab614513b882a0677c901cbe5e4860e93fda274a5e63149df6c63ee78322f,notebook
01_authored_notebooks/phase1_rf_xgboost_benchmark.ipynb,26267,db6a415a5c6e067ab3d6f8da8340689a4e27aa5c99551bc39679e8b80a6ff686,notebook
01_authored_notebooks/phase1_tree_model_export.ipynb,15371,050b36fc2e0f5988a4af3e8d77ffafe3035c7d06d3a469c09d8c5564bca1e24e,notebook
01_authored_notebooks/phase1e_current_model_ablation.ipynb,33204,d30763466e45ab1d36de2f2957685d584c07ea2ec8bdccdcb01a6d3da2e6e57e,notebook
01_authored_notebooks/phase1f_paper_ready_results_synthesis.ipynb,30739,7f1cdb2280a4c824a58a67831982f9b710b3f2bf5cba960dca97cd10a8f448b0,notebook
01_authored_notebooks/phase4_paper_ready_external_validation.ipynb,40219,2ca8225fc13c7d8fea294be47199e25d8c08876f8b4768552dd79ce0ae3603d0,notebook
01_authored_notebooks/phase4a_raw_external_synthesis.ipynb,40219,2ca8225fc13c7d8fea294be47199e25d8c08876f8b4768552dd79ce0ae3603d0,notebook
01_authored_notebooks/phase4b_frozen_tree_external_validation.ipynb,21419,67f7270e101a6a9aa27cc980f44fcb1db21029d4bedaaaee9b761f2adb159841,notebook
01_authored_notebooks/phase4c_normalized_soh_external_validation.ipynb,39105,ca7f24b4951aa115acf85ae25a892d177aec90b9cca7a6bbbd49d13688ca5f8f,notebook
01_authored_notebooks/phase4d_normalized_pinn_hybrid_external_validation.ipynb,44388,6eb9790e12fb59eeaef93e72a78ce9bd051d28922221720fc856b998ebbd312d,notebook
01_authored_notebooks/phase4e_fewshot_finetune_external_validation.ipynb,41929,d793fa2659aebb1ec8775be18ed91191a5a21051a34aa9c8c625526c60af6c84,notebook
01_authored_notebooks/phase4f_residual_calibration_external_validation.ipynb,46992,031849ed4f1ca85f86d0015d2f53cc85f9d934e01f9e26f70c7eb060abce7fe5,notebook
01_authored_notebooks/phase4g_adaptation_success_conditions.ipynb,51408,c797f323442e16b4f08b46fc3506a53df64b9cc59b76821f20726f0f0d57f5dd,notebook
01_authored_notebooks/phase5_pinn_lstm_hybrid.ipynb,59013,a4896b0425a4d2e3f9b6a7054203a518d36b001b72320551380df80bec12659b,notebook
01_authored_notebooks/phase5_qphys_only.ipynb,56936,1dbf835d55eb4710db2332a654db995348ad6c18bbc2f34308b8c677690061d8,notebook
02_kaggle_output_zips/phase1b_rf_xgboost_benchmark.zip,292764,8ebb065e50eeb718fb365070d9ac1bd5a3b1174e6c4e28b32262b588be62d954,original-kaggle-archive
02_kaggle_output_zips/phase1d_grouped_cv_main_models.zip,2448163,a8b4494346a40628e0ccbf3e7783234670d5ae9ab5222088053a754d55842283,original-kaggle-archive
02_kaggle_output_zips/phase1e_current_model_ablation.zip,712856,5544e4fb1a85d3017970057c1dc022e66e2276a8ec2ef1381a7837dd33b2f3a2,original-kaggle-archive
02_kaggle_output_zips/phase1f_paper_ready_synthesis.zip,656808,b56820040d00d87b27d43cedbea4ead89d9e948dff772115fae1a0d6f5849649,original-kaggle-archive
02_kaggle_output_zips/phase4a_raw_external_paper_ready.zip,110238,0276fcd755d50195ce9ab811702f46d556b7c7eb9d9b97fe27638cd4edee9304,original-kaggle-archive
02_kaggle_output_zips/phase4c_normalized_soh_external.zip,434500,363291e40522e2ca0ff95f558d9d23c260c73c0b89fe924d5f5267e43dd789e5,original-kaggle-archive
02_kaggle_output_zips/phase4d_normalized_pinn_hybrid_external.zip,488227,05210e19aa6e5d67ff1c06617b019f346e98afc43ff250bf558522b5608d452b,original-kaggle-archive
02_kaggle_output_zips/phase4e_fewshot_finetune_external.zip,407603,e61d028ba18e7aed0e7b8a45898edbace29d3d26647de5a0c375db77bfcddd9e,original-kaggle-archive
02_kaggle_output_zips/phase4f_residual_calibration_external.zip,583042,c4043e6c22d72371782459fd2cb83f7faf95adef8e91c065c90a9c42c48f5c5c,original-kaggle-archive
02_kaggle_output_zips/phase4g_adaptation_success_conditions.zip,1044345,de0f96472716228459ced705804ef5d916d5ba63f5470d5858fc422cde740563,original-kaggle-archive
02_kaggle_output_zips/phase5_pinn_lstm_hybrid_initial.zip,9146577,16d8d7f76e4dd6ad9145452771af2c0f9b4aecf438d85b86b1ac6533184faf4f,original-kaggle-archive
02_kaggle_output_zips/phase5_qphys_only.zip,3677070,ee3faa3f17a99140084231d40a60e7b69f8605878a8e0563d6e7bdd882194c8b,original-kaggle-archive
02_kaggle_output_zips/phase6_pinn_feature_sparse.zip,9114243,e227fb32e16e8b2081b9ff79e2f1ba168611ef73f83377d13d68421610e116a9,original-kaggle-archive
02_kaggle_output_zips/phase7_pinn_feature_ensemble.zip,18186108,0e3cd76e2fd77fae8c8b00b306de05b0731f1166dc708b6ad425f96199c9523b,original-kaggle-archive
03_source_py/final_paper_results_synthesis.py,21137,c0cad59c997e1088731d128c365c3eb327e6b6b555d25a333291a5a3be9ef7a9,source
03_source_py/phase1_grouped_cv_lstm.py,35037,e7b86b34ee6c60c7d54e79cdb66bfccd9c921a90068e5bf71193d4f9d1c3b543,source
03_source_py/phase1_rf_xgboost_benchmark.py,18368,eb9f5b745501bde01f3745ec873c2afc0155e6c7c3a39fa617eb387cdf4eacee,source
03_source_py/phase1_tree_model_export.py,10800,8e396f98be39384d17b0ea643c5b9422bdcac859db0d922558bc50091cc30fb0,source
03_source_py/phase1e_current_model_ablation.py,24063,0272ab3ef453431cdbb99849faac140915c8d8d8671b0a23d5cec93e7078afb0,source
03_source_py/phase1f_paper_ready_results_synthesis.py,22680,faa9c1469a8ca2b0549cd088f8b6777a910a24e286bda2e18bdb2e3ab6f3eda2,source
03_source_py/phase4_paper_ready_external_validation.py,29354,43b1bc12894ccb86291d2177cb6e5c9c0537fe092192ce7b108006ee8b29b845,source
03_source_py/phase4b_frozen_tree_external_validation.py,15440,267f5be07d4e070316bcdfe7641a849ca5c548303c07e9e046204a0c9f86f3bb,source
03_source_py/phase4c_normalized_soh_external_validation.py,28642,8e36ab1d563fc74e9ab6df2ff05893a454789eaa2f57a975d50fb9979411dd26,source
03_source_py/phase4d_normalized_pinn_hybrid_external_validation.py,32795,b48e2b600febdfd776f2069a5a49248d170ea47e4a0a599cd7d3233746d46244,source
03_source_py/phase4e_fewshot_finetune_external_validation.py,31005,0bd4b26f9f5427c0b093d5432683937b611fbb7694a4f6d22f09bdd76ec4517d,source
03_source_py/phase4f_residual_calibration_external_validation.py,34968,5f57abebabc54ebca4d43e9e641d465e15ad6098769dd6f8e7873a54e6ee1512,source
03_source_py/phase4g_adaptation_success_conditions.py,38444,efe5ea808e6b57fc7823dacf5a0e071c7a0f10b6b55bb0b018889d366f9812e0,source
03_source_py/phase5_pinn_lstm_hybrid.py,43717,9fff437b70bd7e390683dec361c61711009f93d27003e93fbd099f8680c386cc,source
04_executed_kaggle_notebooks/final_paper_synthesis_executed.ipynb,400214,df3b64b9f8a2f5ab79c97de4d68b1819e8fd9f08044c5cfee819625cf5c85c3c,notebook
04_executed_kaggle_notebooks/phase1b_rf_xgboost_executed.ipynb,181925,c6125fdbfd96508e75e327773b1868be0c42da97dee7f5135bf144c643787353,notebook
04_executed_kaggle_notebooks/phase1d_grouped_cv_executed.ipynb,963618,c94b2d9a67993ec6172ecf4d90497e02b9a320a2be18785e66dad5a9dcb33371,notebook
04_executed_kaggle_notebooks/phase1e_ablation_executed.ipynb,412403,c44fa053b9ad526a245c3d07c7198316e224752c761ab7263d6d41a1ac63bfe8,notebook
04_executed_kaggle_notebooks/phase1f_synthesis_executed.ipynb,314299,03bb1c4df0fe40ccbca24cc54e95ae2f5524971972f0e996b21f18775a6d74f9,notebook
04_executed_kaggle_notebooks/phase4a_raw_external_executed.ipynb,146509,757977d67577029fe5662b25c39c0f12bdde08a0855f2d9bf08a799b7be3b4ae,notebook
04_executed_kaggle_notebooks/phase4c_normalized_soh_executed.ipynb,397587,64f50681d31db141483470d3362686694d30a9da89cd7ef91cd7ba566af8c523,notebook
04_executed_kaggle_notebooks/phase4d_normalized_hybrid_executed.ipynb,439049,c41bb73fe4bce22ea9bac7dfc4121cdb3681aa7c25d89f06e98719e2604a1af0,notebook
04_executed_kaggle_notebooks/phase4e_fewshot_finetune_executed.ipynb,386246,5d523b51fd6d2c08e0be9f6d77ecd4c82dfa6d2312e0d4c99050013f9dc53476,notebook
04_executed_kaggle_notebooks/phase4f_residual_calibration_executed.ipynb,557764,5b80cc842347f796dfec9282396a2c026398d36a2e3238a2034e55c481393b91,notebook
04_executed_kaggle_notebooks/phase4g_adaptation_success_executed.ipynb,933741,742c4aa4e3010f958e65fa1d9c69c5d7cd272d5fe20be7624c3cb094f4d43a41,notebook
04_executed_kaggle_notebooks/phase5_pinn_lstm_hybrid_executed.ipynb,142788,a4e578ac6083445b8e10c40a5d8667cadba0b00108d375995b47b44a185b1420,notebook
04_executed_kaggle_notebooks/phase5_qphys_only_executed.ipynb,109558,6e58fa8de8b36b2a8411911348eed5aedf594660259a0ed21ed065586b8e64ad,notebook
04_executed_kaggle_notebooks/phase6_pinn_feature_sparse_executed.ipynb,170808,efe3932024dc90e02345bb96378055d2bb10264afe261b9e5862cc6fbf08c3a4,notebook
04_executed_kaggle_notebooks/phase7_pinn_feature_ensemble_executed.ipynb,244711,cefeafc1fbff77ec2c0fa56e885adcf72a16af181b6c93ddb97366a6826b3f4d,notebook
05_final_outputs/final_paper_results_synthesis_outputs.zip,406391,375e7e0aa09e946886efefd1b2cd61fae2d2e62ee0666c807d2cffa32f4e8ef6,original-kaggle-archive
06_manuscript_context/current_uploaded_latex_snapshot.tex,80872,33c69b7a2f563bf07240bf0ace6b6dde728842a91a694f402ddaa7292a5f93c4,archive
06_manuscript_context/old_pre_revision_values_ledger.md,4410502,5da11e73a417e8bcaca833d703fc60bffd00dfd1063165540dd908e2bd78940e,archive
06_manuscript_context/post_latex_complete_value_ledger.md,6291790,e2e33416ac3a2f5269f891df9f1bc5f6888c45487e304d5a9a0dc8e277a3a2ff,archive
06_manuscript_context/post_latex_revision_audit.md,27420,ed48d84b01fa2ccb0473eccf15fd8d789685bf56efbbad78c0d35071ecfb982d,archive
06_manuscript_context/post_latex_revision_audit_COMPLETE_WITH_ALL_VALUES.md,6319768,640f58330333d77ffea9feb7a6defd226d70488195e550da5a96e680adea1a92,archive
06_manuscript_context/post_latex_revision_audit_COMPLETE_WITH_ALL_VALUES_AND_OLD_VALUES.md,10730343,fa67db99fe2f840ce855c3e1d13633aff49386f3dc2486a76cb71c2a7c1f17ed,archive
06_manuscript_context/submission_audit_csv/detailed_source_domain_fixed_split_metrics.csv,2044,64f1e32f928c6238b7d448d656d5191f4c0e312ec9e24ebe005dd01c522c9183,result-or-metadata
06_manuscript_context/submission_audit_csv/grouped_cv_per_fold_macro_mape.csv,865,3d322b296cdd8e45fac146b336084077aff203c1492e98b53a2e9703b5a20bf5,result-or-metadata
06_manuscript_context/submission_audit_csv/grouped_cv_statistical_comparisons.csv,1270,5d6cb343898d1fa8704a48623b8e8949f49cfb6f7140ecd39e3aac22999a46b4,result-or-metadata
06_manuscript_context/submission_audit_csv/hyperparameter_reproducibility_table.csv,5107,059823a914f5eb7675cd0a4983943c805f55290a50e0c3033834757e7965666d,result-or-metadata
06_manuscript_context/submission_audit_tables_20260630.md,15464,10b1c5de63883f8760c3cec91f76f42708d0505c89b8d0cf67dd9309d6a54709,archive
06_manuscript_context/submission_audit_tables_20260630.tex,11884,606a0b487031c40eea33122d62d2c373a011c0d49d292ef6531dfe43444a043c,archive
07_round2_revision/__pycache__/run_metaheuristic_search.cpython-314.pyc,30759,f814707a393736a02e43bf8563d213124e6b1d53a60cdb313957e350264c2881,archive
07_round2_revision/__pycache__/run_round2_experiments.cpython-314.pyc,54713,5083a7459dcc15c58b489732aac9587be21697a093fa49d55a71cfaa9d6c8a7f,archive
07_round2_revision/ASC_revision_submission_package.zip,8668944,16f8500f56fdb7c98b62c7fc9fc35941825107be2db4da92013c7110a59e9255,original-kaggle-archive
07_round2_revision/benchmark_archived_hybrid_latency.py,2863,5a1b09a8323090c706195cbe7e55eebec4298b7d53b7ac7387edb807dd18750f,source
07_round2_revision/HIGHLIGHTS.txt,345,19e88236936c36b7cd867ea0d8f634b042e5c486d506de090210f6fb937d660d,archive
07_round2_revision/inputs/fixed_split_test_predictions.csv,8850,02ef40562fcde447203dc91c477dbd2321dac554fb2e313adff03ad620319b54,result-or-metadata
07_round2_revision/inputs/fixed_split_val_predictions.csv,7268,4938af10ac26fec8edf24d16219e7f7d4e5f8ff7bd9f9baaa7cebd8e344122f0,result-or-metadata
07_round2_revision/inputs/kirkaldy_normalized_features.csv,49778,a64fb15770f94a9d15d64dda87c05d082248de726468c9ff4a44a6ec2232b875,result-or-metadata
07_round2_revision/inputs/phase1_cv_all_rows.csv,863992,15b32f4953e887d4db64c9de19d5113d1db4fb79978f203d3edab52598c6a0da,result-or-metadata
07_round2_revision/inputs/phase1_grouped_cv_metrics_raw.csv,20393,784ad7a0f889f1abdfd7b3de19664e63d531b4fdcdd68d7f59a6bfe4643be0c4,result-or-metadata
07_round2_revision/inputs/phase1_grouped_cv_predictions_long.csv,1383251,acaac4130d97d5cec03b48fdb4ffcfa9f6a62d2f0bbca23f58d25e4d2d0148b7,result-or-metadata
07_round2_revision/output/pdf/revised_manuscript.pdf,1717675,7fd5fd1ff1a12aaa2f466a011ef2eef6f5f8e7c562d9999c98ff1c7d6a8a37a9,archive
07_round2_revision/outputs/archived_hybrid_latency.json,332,241901a9919e28a60a6be002403c6d252d008b39f2389a7326e8c427fa700ac7,result-or-metadata
07_round2_revision/outputs/de_final_manual_vs_optimized_seed_metrics.csv,2436,129e621a9891782287d37506259eb0074de96d7034d908032a105f5db48210e2,result-or-metadata
07_round2_revision/outputs/de_final_manual_vs_optimized_summary.csv,473,fc9e1e3e07c02a0fb962a5c6fe7fa79ae548b408e510d8b530b5cf71470a563a,result-or-metadata
07_round2_revision/outputs/de_final_training_history.csv,95833,40cb454b0347b2e92727b77dd270a941e4f53187b39b9f11c9246427335318b3,result-or-metadata
07_round2_revision/outputs/de_rescreen_selected_config.json,338,702f8b8a83649a16d762e084364c6d9ec7131c4cced2eaf9b5007fe0fea72422,result-or-metadata
07_round2_revision/outputs/de_rescreened_final_seed_metrics.csv,1343,7b0eaa01a3bc6e982e22d0a0c569a09f1fddeb07d6384c99f12750b956b14ecc,result-or-metadata
07_round2_revision/outputs/de_rescreened_final_summary.csv,225,f3815651e3397d2a0738e470bc4173eef1dc02918a5f578d347c7eca275e6a7b,result-or-metadata
07_round2_revision/outputs/de_search_convergence.csv,149,5e6bfd9276603260e4a3bcdea61889e0b8167939cc8c6a390e823b748cf80aeb,result-or-metadata
07_round2_revision/outputs/de_search_cost.json,584,dba9db0b90e8be497aa85faa869c2214ab8d30fe4748c15872e64145825b0de7,result-or-metadata
07_round2_revision/outputs/de_search_trials.csv,2600,60410c30726c9c7db7d1aa23b4427f11d6e64ba30f6160f15d4eb2ebf986f509,result-or-metadata
07_round2_revision/outputs/de_top5_stochastic_rescreen.csv,1159,3c7a2d38ef6ed41174422a2375cfa1c9bc2ec47785bc12bb2c037dcc3c42a53a,result-or-metadata
07_round2_revision/outputs/de_top5_stochastic_rescreen_summary.csv,424,77377d3f407051a2c6eb0e3a669cd406b9d695d79e684d7c3a7b565a805f9245,result-or-metadata
07_round2_revision/outputs/figure_critical_difference.pdf,18917,be3e9e00a470e461efdc5e77ad0c68ac831099e6c8362d252e5da7f8e66f35a5,archive
07_round2_revision/outputs/figure_critical_difference.png,119578,fb0825872f54fcfd05a2cb9d8e233495b5dd08f3a08f5b2c1318fcb50823dc86,archive
07_round2_revision/outputs/figure_de_convergence.pdf,14384,1858487aa0eb7a159215e6104941c76e7cd7f30d3e7eb2a247ba59610d5c8e0e,archive
07_round2_revision/outputs/figure_de_convergence.png,84828,6b4ee1162f4e06ac517b08cd01b68597867ee95800faa4b060f1f295beed8f72,archive
07_round2_revision/outputs/figure_stress_ablation_paired.pdf,20640,f2aedd29f72e6b85babe3a04e39e7d5bc5003b6ad375e6e25442109c25932f40,archive
07_round2_revision/outputs/figure_stress_ablation_paired.png,163533,677e624a416d357ae88757c6e887aead252165f337701a082ab48272b5fb0172,archive
07_round2_revision/outputs/figure_transfer_controls.pdf,16100,64f7f32dd7721577e047ff3f0cef3e3959e73cadebb9c9d7fd1f6292ebfd160a,archive
07_round2_revision/outputs/figure_transfer_controls.png,97925,be003e128cf70dc5ef133cf9619fecde4cd4c44876b2f39d70c99a902ea6498b,archive
07_round2_revision/outputs/round2_environment_manifest.json,555,35c52b9a99e73547ff45a4289431bb3342028d5db677c886c9496c20c6ded506,result-or-metadata
07_round2_revision/outputs/statistical_mean_ranks.csv,256,0f3f4a38b04783ba7d3d34becb66a14e25863e73dc2411fa0d274e1d8d0016c2,result-or-metadata
07_round2_revision/outputs/statistical_omnibus.json,189,788db2160e11e0e02a796f2e341de22813f93e8792d4937167c1a5dc450233ef,result-or-metadata
07_round2_revision/outputs/statistical_pairwise_wilcoxon_holm.csv,2170,d733e390396a61f0de17e65fbf00f7660f870930efc760fc2173117bc36a6ddf,result-or-metadata
07_round2_revision/outputs/stress_ablation_predictions.csv,141630,d6b42504fd6af8e631f5ae27c34e6b01ff63dadeaab68804f0158049f29163cd,result-or-metadata
07_round2_revision/outputs/stress_ablation_seed_metrics.csv,4462,4f2cc3859e6a01070ee950b3655e64cffa8896e7aa4b60d1694309c6616ab6c2,result-or-metadata
07_round2_revision/outputs/stress_ablation_summary.csv,632,7911228fb53dc6c5ccafcdf74216f4964aa9e65d5d031ec6068596a6aee2f6f1,result-or-metadata
07_round2_revision/outputs/stress_ablation_training_history.csv,68137,ddd859e004dd416f3b322065064ca6ff4fe879fd0989b9fab3c276dd980ddff7,result-or-metadata
07_round2_revision/outputs/target_only_training_history.csv,24524,18f16be8bedd551fb342e48b5d1a23a6984417cd2c9b6431e1ad3622042d078a,result-or-metadata
07_round2_revision/outputs/tcn_predictions.csv,30725,bc78007e2d80bd34e6422784f50e3b39e383d369f429c2714735e6114c42f006,result-or-metadata
07_round2_revision/outputs/tcn_seed_metrics.csv,1266,a6b7a17e0d2e0897efcdc08ca1626a658fe6101672b8f5888c7f5320e8692fea,result-or-metadata
07_round2_revision/outputs/tcn_summary.csv,269,b5c9797e8e05e55b06733a9c6e2f1b0fd26199744be7abe41acf143b8c6d21ee,result-or-metadata
07_round2_revision/outputs/tcn_training_history.csv,22246,a3ce73610a37336881205fae87fd2c3e450f05f2627fb99f0e1333014df46983,result-or-metadata
07_round2_revision/outputs/transfer_controls_metrics.csv,967,3ada752705855b8dab83416c38150f01b8c5b837e8d0b6f7fb50898ffc0ebeb7,result-or-metadata
07_round2_revision/outputs/transfer_controls_predictions.csv,74179,9819b47242f7fb3eb496fbb0d6f189c4d51e6501ed8eb6106f56e32ee05d4b6d,result-or-metadata
07_round2_revision/outputs/transfer_controls_summary.csv,446,0cb32205f9a8d9f5c108152ee6b6757ca91f1cb06765736057cd105fd96b619e,result-or-metadata
07_round2_revision/rendered_pages/contact_sheet.png,866157,6e303f70dfbed0634f233ce035c2dad707aeceda125a54f2b953d664aac05df7,archive
07_round2_revision/rendered_pages/final-17.png,229960,bb2df51ca3593d158d0d75cc010dcbfff1dabb2c2d16e6fb1546bf211ee30fe8,archive
07_round2_revision/rendered_pages/final-18.png,147573,04a08bd4e82445777aac8b37794a96e16cdd04bb30f998b1e4b90f2c80e4c6f4,archive
07_round2_revision/rendered_pages/final-19.png,151308,fd22072f6f7157d200464d40c7c93558d8927b98a5c08700a1d67c40c8a5bc7e,archive
07_round2_revision/rendered_pages/page-01.png,185421,bd2864c68e37329d5be139d6f8a7619bc523472bef092a543512c8a90d9f0552,archive
07_round2_revision/rendered_pages/page-02.png,244115,cb9559d996cbfbda201be2696acd11c6b4aed9623379298772ba71d3d7e56b8b,archive
07_round2_revision/rendered_pages/page-03.png,235323,c53ac43e1dd942575fb8c5fff5cd2fab52cee50952489bda32eea9ee1bafd1a9,archive
07_round2_revision/rendered_pages/page-04.png,259444,83ff076d4c0c5abb486ee90c5122230460017926f31ad47a9bc708301e488a12,archive
07_round2_revision/rendered_pages/page-05.png,179043,78dc0ae3cccdac960b437c228cfba2f944c131a361fec4af5f05fdfd8afe83d8,archive
07_round2_revision/rendered_pages/page-06.png,192769,5f8e906bc990d3d5234e41b450e351092c42c04be9c787ab41537f4d9a1eadb2,archive
07_round2_revision/rendered_pages/page-07.png,146734,9c9488aa89ed31775c832d8ddd4382e43997a272bec3868115a70676284c34c3,archive
07_round2_revision/rendered_pages/page-08.png,159011,51a2ca3f979bd674ab368451eae42b50faeef7df29270c6af9d71abcde04c8bc,archive
07_round2_revision/rendered_pages/page-09.png,159101,cb8e9bfac39f740d3764076cac53a3d4a5669232f73bb58e3e4a063ce3386a9a,archive
07_round2_revision/rendered_pages/page-10.png,178313,52fb69904ad82c880917b398ef9d4b3fe12f4bc335698718467aafe255ae13c3,archive
07_round2_revision/rendered_pages/page-11.png,158880,c2ccdd83a0424e385b63299a41c79f5f069ce52d6272d02caddfba3655649bf7,archive
07_round2_revision/rendered_pages/page-12.png,176913,2023da8a03bddb5ce82c44b75d4f38944394d352fcf7fcef8324516802615bb2,archive
07_round2_revision/rendered_pages/page-13.png,201240,b38218689937b88de33f5d0cb6620c3745ec7bf0ea8390a0d2ad18b07a35c92d,archive
07_round2_revision/rendered_pages/page-14.png,173592,58f6114bc2e531449d21bee30fc5a2dbc30b5842f109d003822bd817480caa39,archive
07_round2_revision/rendered_pages/page-15.png,227026,129424071a27c832dc53fcf684e5e0ffb19ba092597131ed46e491bbd020195f,archive
07_round2_revision/rendered_pages/page-16.png,187847,062381b47ec7bcdb5aa8bd94ab0168e2433b42310441b80f59f6cc72799ce432,archive
07_round2_revision/rendered_pages/page-17.png,230048,063e8722411b7a99cd2e7f269866a08d6b123d591607567a389892c4ecf0a79c,archive
07_round2_revision/rendered_pages/page-18.png,127934,a0b7cab49a2fd6af10c76fd91d7f9bbd4560afdf7c4201d4ba35c63c7f8aeb38,archive
07_round2_revision/rendered_pages/page-19.png,112458,398300ebbe80dd178f8212a220ff57118d15dbeed2b0ad29b3e80325aeede127,archive
07_round2_revision/rendered_pages/page-20.png,178349,4c9cbf07cc3d0b22c71bb28f233a1ddbc119ca263582eb0b482a6dc40725cb11,archive
07_round2_revision/rendered_pages/page-21.png,156113,5f82a9d41ef85d8e44dcdb0172219c2f01004715674290267283981f6a82dfa7,archive
07_round2_revision/rendered_pages/page-22.png,147052,f6ba8663484298f247104061514f02e0aa8b75caca3d99c041f5a190acbc53a4,archive
07_round2_revision/rendered_pages/page-23.png,135005,ff6e2f8940d8c1a5a88236b3a75c244de257616693d001ad6cbd335a41ed6086,archive
07_round2_revision/rendered_pages/page-24.png,136553,b8164364ce73566d167be5517dca54cff9aa241f0b545f4b9b350a6a3ad0fc19,archive
07_round2_revision/rendered_pages/page-25.png,154919,77dfab1e7a4f7fa6cb607769cc92885ba578ccfbc967c94a94acf10ea716649c,archive
07_round2_revision/rendered_pages/page-26.png,149600,bf27b48f3c966829feef485535383f76b8e02896529e01d85e6bd1ff74f1de11,archive
07_round2_revision/rendered_pages/page-27.png,161707,b7cf896d082e6f1f381b57205bb9ec44752f888b6b61244f157bdd5edcc48c43,archive
07_round2_revision/rendered_pages/page-28.png,194878,9ccc450b8b22a0284ed57df412507e9d93ebe21fa4e7b405c3e06406406ecfbc,archive
07_round2_revision/rendered_pages/page-29.png,225653,2248cf140e179024cc7875b731368c57eb9afd46d1db43fdc40a43e7983451db,archive
07_round2_revision/rendered_pages/page-30.png,231406,9565c958ed25dd6474c3b39413ff33b47f03897cf61b9f43512f815510e36d19,archive
07_round2_revision/rendered_pages/page-31.png,36786,06c27f19c1b036d9ec8637de6b20cb9826b6d4a20daf31bf5a4032f7b8d51803,archive
07_round2_revision/reproducibility_package/benchmark_archived_hybrid_latency.py,2863,5a1b09a8323090c706195cbe7e55eebec4298b7d53b7ac7387edb807dd18750f,source
07_round2_revision/reproducibility_package/inputs/fixed_split_test_predictions.csv,8850,02ef40562fcde447203dc91c477dbd2321dac554fb2e313adff03ad620319b54,result-or-metadata
07_round2_revision/reproducibility_package/inputs/fixed_split_val_predictions.csv,7268,4938af10ac26fec8edf24d16219e7f7d4e5f8ff7bd9f9baaa7cebd8e344122f0,result-or-metadata
07_round2_revision/reproducibility_package/inputs/kirkaldy_normalized_features.csv,49778,a64fb15770f94a9d15d64dda87c05d082248de726468c9ff4a44a6ec2232b875,result-or-metadata
07_round2_revision/reproducibility_package/inputs/phase1_cv_all_rows.csv,863992,15b32f4953e887d4db64c9de19d5113d1db4fb79978f203d3edab52598c6a0da,result-or-metadata
07_round2_revision/reproducibility_package/inputs/phase1_grouped_cv_metrics_raw.csv,20393,784ad7a0f889f1abdfd7b3de19664e63d531b4fdcdd68d7f59a6bfe4643be0c4,result-or-metadata
07_round2_revision/reproducibility_package/inputs/phase1_grouped_cv_predictions_long.csv,1383251,acaac4130d97d5cec03b48fdb4ffcfa9f6a62d2f0bbca23f58d25e4d2d0148b7,result-or-metadata
07_round2_revision/reproducibility_package/outputs/archived_hybrid_latency.json,332,241901a9919e28a60a6be002403c6d252d008b39f2389a7326e8c427fa700ac7,result-or-metadata
07_round2_revision/reproducibility_package/outputs/de_final_manual_vs_optimized_seed_metrics.csv,2436,129e621a9891782287d37506259eb0074de96d7034d908032a105f5db48210e2,result-or-metadata
07_round2_revision/reproducibility_package/outputs/de_final_manual_vs_optimized_summary.csv,473,fc9e1e3e07c02a0fb962a5c6fe7fa79ae548b408e510d8b530b5cf71470a563a,result-or-metadata
07_round2_revision/reproducibility_package/outputs/de_final_training_history.csv,95833,40cb454b0347b2e92727b77dd270a941e4f53187b39b9f11c9246427335318b3,result-or-metadata
07_round2_revision/reproducibility_package/outputs/de_rescreen_selected_config.json,338,702f8b8a83649a16d762e084364c6d9ec7131c4cced2eaf9b5007fe0fea72422,result-or-metadata
07_round2_revision/reproducibility_package/outputs/de_rescreened_final_seed_metrics.csv,1343,7b0eaa01a3bc6e982e22d0a0c569a09f1fddeb07d6384c99f12750b956b14ecc,result-or-metadata
07_round2_revision/reproducibility_package/outputs/de_rescreened_final_summary.csv,225,f3815651e3397d2a0738e470bc4173eef1dc02918a5f578d347c7eca275e6a7b,result-or-metadata
07_round2_revision/reproducibility_package/outputs/de_search_convergence.csv,149,5e6bfd9276603260e4a3bcdea61889e0b8167939cc8c6a390e823b748cf80aeb,result-or-metadata
07_round2_revision/reproducibility_package/outputs/de_search_cost.json,584,dba9db0b90e8be497aa85faa869c2214ab8d30fe4748c15872e64145825b0de7,result-or-metadata
07_round2_revision/reproducibility_package/outputs/de_search_trials.csv,2600,60410c30726c9c7db7d1aa23b4427f11d6e64ba30f6160f15d4eb2ebf986f509,result-or-metadata
07_round2_revision/reproducibility_package/outputs/de_top5_stochastic_rescreen.csv,1159,3c7a2d38ef6ed41174422a2375cfa1c9bc2ec47785bc12bb2c037dcc3c42a53a,result-or-metadata
07_round2_revision/reproducibility_package/outputs/de_top5_stochastic_rescreen_summary.csv,424,77377d3f407051a2c6eb0e3a669cd406b9d695d79e684d7c3a7b565a805f9245,result-or-metadata
07_round2_revision/reproducibility_package/outputs/figure_critical_difference.pdf,18917,be3e9e00a470e461efdc5e77ad0c68ac831099e6c8362d252e5da7f8e66f35a5,archive
07_round2_revision/reproducibility_package/outputs/figure_critical_difference.png,119578,fb0825872f54fcfd05a2cb9d8e233495b5dd08f3a08f5b2c1318fcb50823dc86,archive
07_round2_revision/reproducibility_package/outputs/figure_de_convergence.pdf,14384,1858487aa0eb7a159215e6104941c76e7cd7f30d3e7eb2a247ba59610d5c8e0e,archive
07_round2_revision/reproducibility_package/outputs/figure_de_convergence.png,84828,6b4ee1162f4e06ac517b08cd01b68597867ee95800faa4b060f1f295beed8f72,archive
07_round2_revision/reproducibility_package/outputs/figure_stress_ablation_paired.pdf,20640,f2aedd29f72e6b85babe3a04e39e7d5bc5003b6ad375e6e25442109c25932f40,archive
07_round2_revision/reproducibility_package/outputs/figure_stress_ablation_paired.png,163533,677e624a416d357ae88757c6e887aead252165f337701a082ab48272b5fb0172,archive
07_round2_revision/reproducibility_package/outputs/figure_transfer_controls.pdf,16100,64f7f32dd7721577e047ff3f0cef3e3959e73cadebb9c9d7fd1f6292ebfd160a,archive
07_round2_revision/reproducibility_package/outputs/figure_transfer_controls.png,97925,be003e128cf70dc5ef133cf9619fecde4cd4c44876b2f39d70c99a902ea6498b,archive
07_round2_revision/reproducibility_package/outputs/round2_environment_manifest.json,555,35c52b9a99e73547ff45a4289431bb3342028d5db677c886c9496c20c6ded506,result-or-metadata
07_round2_revision/reproducibility_package/outputs/statistical_mean_ranks.csv,256,0f3f4a38b04783ba7d3d34becb66a14e25863e73dc2411fa0d274e1d8d0016c2,result-or-metadata
07_round2_revision/reproducibility_package/outputs/statistical_omnibus.json,189,788db2160e11e0e02a796f2e341de22813f93e8792d4937167c1a5dc450233ef,result-or-metadata
07_round2_revision/reproducibility_package/outputs/statistical_pairwise_wilcoxon_holm.csv,2170,d733e390396a61f0de17e65fbf00f7660f870930efc760fc2173117bc36a6ddf,result-or-metadata
07_round2_revision/reproducibility_package/outputs/stress_ablation_predictions.csv,141630,d6b42504fd6af8e631f5ae27c34e6b01ff63dadeaab68804f0158049f29163cd,result-or-metadata
07_round2_revision/reproducibility_package/outputs/stress_ablation_seed_metrics.csv,4462,4f2cc3859e6a01070ee950b3655e64cffa8896e7aa4b60d1694309c6616ab6c2,result-or-metadata
07_round2_revision/reproducibility_package/outputs/stress_ablation_summary.csv,632,7911228fb53dc6c5ccafcdf74216f4964aa9e65d5d031ec6068596a6aee2f6f1,result-or-metadata
07_round2_revision/reproducibility_package/outputs/stress_ablation_training_history.csv,68137,ddd859e004dd416f3b322065064ca6ff4fe879fd0989b9fab3c276dd980ddff7,result-or-metadata
07_round2_revision/reproducibility_package/outputs/target_only_training_history.csv,24524,18f16be8bedd551fb342e48b5d1a23a6984417cd2c9b6431e1ad3622042d078a,result-or-metadata
07_round2_revision/reproducibility_package/outputs/tcn_predictions.csv,30725,bc78007e2d80bd34e6422784f50e3b39e383d369f429c2714735e6114c42f006,result-or-metadata
07_round2_revision/reproducibility_package/outputs/tcn_seed_metrics.csv,1266,a6b7a17e0d2e0897efcdc08ca1626a658fe6101672b8f5888c7f5320e8692fea,result-or-metadata
07_round2_revision/reproducibility_package/outputs/tcn_summary.csv,269,b5c9797e8e05e55b06733a9c6e2f1b0fd26199744be7abe41acf143b8c6d21ee,result-or-metadata
07_round2_revision/reproducibility_package/outputs/tcn_training_history.csv,22246,a3ce73610a37336881205fae87fd2c3e450f05f2627fb99f0e1333014df46983,result-or-metadata
07_round2_revision/reproducibility_package/outputs/transfer_controls_metrics.csv,967,3ada752705855b8dab83416c38150f01b8c5b837e8d0b6f7fb50898ffc0ebeb7,result-or-metadata
07_round2_revision/reproducibility_package/outputs/transfer_controls_predictions.csv,74179,9819b47242f7fb3eb496fbb0d6f189c4d51e6501ed8eb6106f56e32ee05d4b6d,result-or-metadata
07_round2_revision/reproducibility_package/outputs/transfer_controls_summary.csv,446,0cb32205f9a8d9f5c108152ee6b6757ca91f1cb06765736057cd105fd96b619e,result-or-metadata
07_round2_revision/reproducibility_package/REPRODUCIBILITY_README.md,1833,ae04588e16695159bc905e770e86e13806e6ca4983735d0050b98624cbff39f6,archive
07_round2_revision/reproducibility_package/requirements.txt,94,11f5eb52e02e6eecf8c4eb6ea3001304d10b804ca5e9d31820e3d89d3e86522d,archive
07_round2_revision/reproducibility_package/ROUND2_RESULTS.md,4002,cb4b4c24f7a1ced1ba90a70b96e126e6f05828c341bcc511f7bba722d7e5b9ef,archive
07_round2_revision/reproducibility_package/run_metaheuristic_search.py,18355,153c8d1e7444aeba5ddfc2ed6477418d0a5bd238712e71174aa614fecb128e13,source
07_round2_revision/reproducibility_package/run_round2_experiments.py,29390,c68695ae21745c0a7f7bd5938365cd8f75abfe361e772a536ad8c8e14ddb8fd0,source
07_round2_revision/reproducibility_package.zip,1065031,30f98707fcca13d7d220338d2ae236a1fe79394da2b515251ec26c5ae029646c,original-kaggle-archive
07_round2_revision/REPRODUCIBILITY_README.md,1833,ae04588e16695159bc905e770e86e13806e6ca4983735d0050b98624cbff39f6,archive
07_round2_revision/requirements.txt,94,11f5eb52e02e6eecf8c4eb6ea3001304d10b804ca5e9d31820e3d89d3e86522d,archive
07_round2_revision/ROUND2_RESULTS.md,4002,cb4b4c24f7a1ced1ba90a70b96e126e6f05828c341bcc511f7bba722d7e5b9ef,archive
07_round2_revision/run_metaheuristic_search.py,18355,153c8d1e7444aeba5ddfc2ed6477418d0a5bd238712e71174aa614fecb128e13,source
07_round2_revision/run_round2_experiments.py,29390,c68695ae21745c0a7f7bd5938365cd8f75abfe361e772a536ad8c8e14ddb8fd0,source
07_round2_revision/SUBMISSION_NOTES.md,1686,ca5236a4497745abab2575fd8928ebd9fc600698ede6bbfb564a9cdbf7f0d06c,archive
07_round2_revision/submission_package/figures/fig10_lstm_variant_progression.pdf,22008,da9c4053373b33813ffa2723f233f17be635d586f1fd6724a55886f34b5444bb,archive
07_round2_revision/submission_package/figures/fig11_teacher_forcing_penalty.pdf,19723,710112d72d6ce533550ef23be131647e1834a51c507c8019866598472d89f4ea,archive
07_round2_revision/submission_package/figures/fig12_feature_importance_rebuilt.pdf,256527,dce45b79cf1565a6e0a466b52b13ff52d7633241911050163e56fd2a75c0151c,archive
07_round2_revision/submission_package/figures/fig13_feature_covariance_matrix.pdf,885313,cb6fb5004a652d6b3894db3f21fcbeb25cc8c17f1a24089eadc1660543378eb2,archive
07_round2_revision/submission_package/figures/fig14_lstm_ablation_teacher_vs_rollout_delta.pdf,26370,d3e8b9189d2f0a317961c3081387f9e988f558258ca7b6d40fb3fdd02bff3901,archive
07_round2_revision/submission_package/figures/fig15_lstm_ablation_absolute_mape.pdf,24554,b23ec579099c589228dee3f61fdbb449ba777c7de857b8944bd067ebc1a504d7,archive
07_round2_revision/submission_package/figures/fig16_lstm_ablation_sign_reversal_map.pdf,37539,b01211c32fed8ecc68d6d12a8386fcdc568587ee36037063f914d8541413f8d2,archive
07_round2_revision/submission_package/figures/fig17_selected_ablation_sign_reversals.pdf,26941,454a7cd0137667700a5925992a9f978ec6617734eb59e4b431f0d74226511e6c,archive
07_round2_revision/submission_package/figures/fig18_minimal_feature_comparison.pdf,22046,d647d2a51d738cd7fdc85086f229ef1e18043b73bd3ababf397bd96750e9324d,archive
07_round2_revision/submission_package/figures/fig19_pinn_ablation_mape_and_ea.pdf,28647,23ab5643899b7fc6712cbafedf08527dd4a83f7265f16b455b8a16d3094b15a9,archive
07_round2_revision/submission_package/figures/fig1_minimal_workflow_clean.pdf,19533,f63c4b4558a83ac7930697684fbd4cf72551b7b821c6008169268026d5ada94c,archive
07_round2_revision/submission_package/figures/fig20_pinn_activation_energy_distribution.pdf,20599,595ebc1d61a2ace4a28b6be9e17e69fe0fc87fca3f0986f7865a333b6f2a814b,archive
07_round2_revision/submission_package/figures/fig21_pinn_mape_vs_ea_scatter.pdf,25059,aec0737d9426f8d83e9b63fb36e244c74cd2e4ec984eea4b9d1da160d44c8ec1,archive
07_round2_revision/submission_package/figures/fig22_pinn_ea_validity_count.pdf,18899,3963099242242ce88834d60feb122e0fc022f4bae73376cb62115232a091b45f,archive
07_round2_revision/submission_package/figures/fig23_pinn_phys_vs_pred_accuracy.pdf,19802,c313f053ec1cda2a0929df1ada68bd2db53c335a117455dbee4e9f2ca93961df,archive
07_round2_revision/submission_package/figures/fig24_ea_summary_comparison.pdf,20419,acb3e39acaff4a14661c656839077575d6fe9574405d277ba49304cd980dc301,archive
07_round2_revision/submission_package/figures/fig25_external_transfer_mape.pdf,22324,f82fc544c0ad77644eba1739051c2b7885ee300dc8c6caf35914e257a97b2740,archive
07_round2_revision/submission_package/figures/fig26_external_transfer_r2.pdf,21278,6ea459959687f61c3e66d489ccd46d8086227b76b7a2da0f38abdc9e6ac9804e,archive
07_round2_revision/submission_package/figures/fig27_external_capacity_mae.pdf,21300,6158a6c7ae7f0c04904bd6c9db56dba592de386365f7898d9d775cabcd74ca4b,archive
07_round2_revision/submission_package/figures/fig28_external_indistribution_drop.pdf,21271,08a760a4af62067899f43e208835f3a44086e7ccc8cdac8888fa09eda3bad57e,archive
07_round2_revision/submission_package/figures/fig29_capacity_scale_mismatch.pdf,19965,4e3fac97710bf42dfab00da61933b5dc786dad3324b0f56dba5c884c08d7dc51,archive
07_round2_revision/submission_package/figures/fig2_model_family_map.pdf,13993,8e11da834772f83a1b109cd7dd4d9f5d2c9c12a9fe05cea9fbcfc9084e5ce4ca,archive
07_round2_revision/submission_package/figures/fig38_raw_stress_pca_ablation.pdf,21634,b2804a0d41fe442fb2c6c98929068070bd37414c74417c2f2e396f31756929f1,archive
07_round2_revision/submission_package/figures/fig38_raw_stress_pca_ablation.zip,1658454,1d25f252557fe867d67c0936f095a2af21af45e8132be9c04023dd02ad9d735d,original-kaggle-archive
07_round2_revision/submission_package/figures/fig39_model_family_group_summary.pdf,22866,3925f6a8fc94ad7952114f182d791387b337189f556ce0924efc56e4fc9dc8ef,archive
07_round2_revision/submission_package/figures/fig3a_decision_tree_architecture.pdf,13502,b1a1a5166fe8b4f117639bbc81c95586e4a4bd9d967fa61cb10cf5c98a386ce6,archive
07_round2_revision/submission_package/figures/fig3b_residual_mlp_architecture_clean.pdf,14264,4705a716bdb2b3f13ada9d5d9416f908a5382ddc0443a37955150d6bd1ded7df,archive
07_round2_revision/submission_package/figures/fig3c1_teacher_forced_lstm_main_blocks.pdf,12330,3cca76d47d227db2a2345cce869454060a869ce5c4fff4a8e5128f48e72b05ca,archive
07_round2_revision/submission_package/figures/fig3c2_no_history_lstm_architecture.pdf,12547,95522a285cd0f9f1f3faf37b1dc485243fbf024d9c2be06dcc2c4126c99ba490,archive
07_round2_revision/submission_package/figures/fig3c3_rollout_lstm_architecture_clean_feedback.pdf,12554,bd17febec3527f6fcd2f7a736b5943770c9bc41259563eb36e14649d681a1813,archive
07_round2_revision/submission_package/figures/fig3c4_rollout_tuned_lstm_architecture_clean.pdf,13249,761368cc815494a6c32558f5983ecfcddc408c457f6b3b4386c43ceeabcc8890,archive
07_round2_revision/submission_package/figures/fig3d1_pinn_pred_architecture_clean.pdf,13046,f2849b29bb0fb9bb8a00e7c14ec6289d0b05b5c6ae488d169991c3681b4d7e34,archive
07_round2_revision/submission_package/figures/fig3d2_pinn_phys_architecture_clean.pdf,14724,3121f42ee066baf1b6f7370f0a81f30522c2a6fb53caca4d2e0dd6911b8c9e26,archive
07_round2_revision/submission_package/figures/fig3e_neural_ode_architecture_clean_oneline_eq.pdf,13809,921ed0ae59fba771e37c887fd80869c8ec4aadca40fcbbc63274ab29eb20a6d0,archive
07_round2_revision/submission_package/figures/fig40_results_file_map_internal.pdf,27573,a57c2b779c4b3e78382ceb7a5fcb666ca75450cf9e9a41f48543503d7ff236d4,archive
07_round2_revision/submission_package/figures/fig4_model_comparison_macro_mape.pdf,24663,e89ab19ba8cebed8009ff218b71cfcea2e791a387c0f69deb412e846cd3941e4,archive
07_round2_revision/submission_package/figures/fig5_targetwise_mape_all_models.pdf,23041,f3952f1e3054211c7b56d5340d245d842479845d2f82e26e570724809f28d7d8,archive
07_round2_revision/submission_package/figures/fig6_r2_targetwise_all_models.pdf,22370,01f4200acc9417d16b23a6f61602a7cda578aa24cbaa471e121ea19aedfa04e2,archive
07_round2_revision/submission_package/figures/fig7_validation_vs_test_mape.pdf,22459,57c036d7354374ab83dc6b63104ed34bff5b530399b93feccc08782fdfb61a0c,archive
07_round2_revision/submission_package/figures/fig8_val_test_gap_all_models.pdf,23755,b8bb442617dc7f0549c9dc898ee0140f24863f317011fe05e547a71de24fc8c5,archive
07_round2_revision/submission_package/figures/fig9_training_time_vs_test_mape.pdf,24239,512d973d2d9249d3dfb09283ae9b49954067c634847716df1a90039e8b539921,archive
07_round2_revision/submission_package/figures/fig_critical_difference.pdf,18917,be3e9e00a470e461efdc5e77ad0c68ac831099e6c8362d252e5da7f8e66f35a5,archive
07_round2_revision/submission_package/figures/fig_de_convergence.pdf,14384,1858487aa0eb7a159215e6104941c76e7cd7f30d3e7eb2a247ba59610d5c8e0e,archive
07_round2_revision/submission_package/figures/fig_stress_ablation.pdf,20640,f2aedd29f72e6b85babe3a04e39e7d5bc5003b6ad375e6e25442109c25932f40,archive
07_round2_revision/submission_package/figures/fig_transfer_controls.pdf,16100,64f7f32dd7721577e047ff3f0cef3e3959e73cadebb9c9d7fd1f6292ebfd160a,archive
07_round2_revision/submission_package/figures/generate_additional_results_figures_15_35.py,20848,f4d7575de09b08e30d79190b01140f730b101374fcfcd1c0ba2a9fdef524e203,source
07_round2_revision/submission_package/figures/generate_figures_4_40_from_archives.py,28517,67493f0b3e8507a738a64e3b4b4f7a5d596d813b2445c96761600b6b53abefdd,source
07_round2_revision/submission_package/figures/generate_publication_results_figures.py,12650,6eb601c85e80eaf464480d6a7155fb00f7f9bcb99a3cf6a5a659d6b496942ee3,source
07_round2_revision/submission_package/figures/generated_figures_manifest.txt,3082,4ac03a0af74bd130129ef07905961a75c3bde2e2d4892fa48a27c8d74b2895ea,archive
07_round2_revision/submission_package/figures/original_ablation_master_comparison_20260330.png,370870,299e20c88b392d15cd0d26479f0cdc4326216b2ac3ca280e960cf871519ac9ab,archive
07_round2_revision/submission_package/figures/original_ablation_master_comparison_final.png,396413,f592388eacbfcd7cd5bfe0b36da8ce66a0fac5861567cb8134abf9b997f17144,archive
07_round2_revision/submission_package/figures/original_ea_validity_final.png,138614,189df047c5907954162f8efc922f687802914e9d2745488b3b37da5e828c2f94,archive
07_round2_revision/submission_package/figures/original_feature_ablation_20260330.png,405575,49dbd3f6e070258a67d7752d4aa1e0c7c0f33f416cf48e7b6c93c3171a564bd0,archive
07_round2_revision/submission_package/figures/original_feature_ablation_final.png,467902,ed1ee2a3271b6b846ef24bfe66a51ec18c9e7b5ff9863c52f3c2039279a03f9e,archive
07_round2_revision/submission_package/figures/original_phase1_ablation.png,65675,046e6443aebe69b4d0e8d0693b026f3eec235de7d652d5cdd25d4cdec1894d15,archive
07_round2_revision/submission_package/figures/original_phase1_covariance_matrix.png,116536,7ac2638dfa36432839aa44b4ad8a2f50244e44c272632ae6a87536f704a09fa1,archive
07_round2_revision/submission_package/figures/original_phase1_feature_importance.png,113975,dc9fe9a505c7b9c79f3259e88a276d422231e977c5ad51f3a7ffbfd40cffecc8,archive
07_round2_revision/submission_package/figures/original_phase1_leaderboard.png,96502,f8890f63152b667e266808cf185734cb67da715fa69e2346eda562ed5c0c7305,archive
07_round2_revision/submission_package/figures/original_phase1_leaderboard.zip,1816474,23ff4f2fcd883c19e7f5a2a1cf99f29879752c6098995bcf93cdc820f6176326,original-kaggle-archive
07_round2_revision/submission_package/graphical_abstract_source.pdf,19533,f63c4b4558a83ac7930697684fbd4cf72551b7b821c6008169268026d5ada94c,archive
07_round2_revision/submission_package/HIGHLIGHTS.txt,345,19e88236936c36b7cd867ea0d8f634b042e5c486d506de090210f6fb937d660d,archive
07_round2_revision/submission_package/manuscript.aux,24802,7ac1324b22f20973a8b2fab9c44de16cdc312caae1428113af91122db92e7959,archive
07_round2_revision/submission_package/manuscript.log,59706,a62d2718a76a5f4704c492fb96f014434eed2e4fa1fe9af6b59ac94c7a13adb6,archive
07_round2_revision/submission_package/manuscript.out,6367,970f5e9aefe5d506cf1504d96800fe2ba5de29faaf9502ef779a95a8b0784009,archive
07_round2_revision/submission_package/manuscript.pdf,1717675,7fd5fd1ff1a12aaa2f466a011ef2eef6f5f8e7c562d9999c98ff1c7d6a8a37a9,archive
07_round2_revision/submission_package/manuscript.tex,80872,33c69b7a2f563bf07240bf0ace6b6dde728842a91a694f402ddaa7292a5f93c4,archive
07_round2_revision/submission_package/REPRODUCIBILITY_README.md,1833,ae04588e16695159bc905e770e86e13806e6ca4983735d0050b98624cbff39f6,archive
07_round2_revision/submission_package/requirements.txt,94,11f5eb52e02e6eecf8c4eb6ea3001304d10b804ca5e9d31820e3d89d3e86522d,archive
07_round2_revision/submission_package/ROUND2_RESULTS.md,4002,cb4b4c24f7a1ced1ba90a70b96e126e6f05828c341bcc511f7bba722d7e5b9ef,archive
07_round2_revision/submission_package/sn-jnl.cls,55857,afdd709e43a76c1452c8696429d428b1c35a9339de050c7ca8a9b6f32c180556,archive
07_round2_revision/submission_package/SUBMISSION_NOTES.md,1686,ca5236a4497745abab2575fd8928ebd9fc600698ede6bbfb564a9cdbf7f0d06c,archive
07_round2_revision/submission_package/supplement/figS_model_comparison_macro_mape.pdf,24663,e89ab19ba8cebed8009ff218b71cfcea2e791a387c0f69deb412e846cd3941e4,archive
07_round2_revision/submission_package/supplement/figS_targetwise_mape_all_models.pdf,23041,f3952f1e3054211c7b56d5340d245d842479845d2f82e26e570724809f28d7d8,archive
08_softcomputing_extension/__pycache__/fetch_kirkaldy_summaries.cpython-314.pyc,5796,e07133def5de8f55db7197319314a58d3cda1421e255092a92329470a8e6d2a4,archive
08_softcomputing_extension/__pycache__/prepare_kirkaldy_40.cpython-314.pyc,11635,77a5d928ecdccf8086a4eef37a3f62d107406e6d76730fc82338b541ca28c9c1,archive
08_softcomputing_extension/__pycache__/run_kirkaldy40_transfer_audit.cpython-314.pyc,36323,51a8aab496df60f9bcbb6fed30c6e59aae5443ce34283925a60a8292c68281dc,archive
08_softcomputing_extension/__pycache__/run_mamba_baseline.cpython-314.pyc,21129,7c6d805fa615aa92133064a52c3eafacfefd46b11e6ade141b955c001d5032ff,archive
08_softcomputing_extension/__pycache__/run_softcomputing_search.cpython-314.pyc,47059,d2870c564145e9d21f5cf7f996199df7ab43f2b09354e85b3648bbe9801b1729,archive
08_softcomputing_extension/build_kaggle_notebooks.py,9585,ea4977be394d19c0ab369c2c2eef8d4f48b21a0bb4b04eb7ff598864e342992c,source
08_softcomputing_extension/fetch_kirkaldy_summaries.py,3543,fc806a42da5f47c8f89de8ab6ab413ed436fc07a9e7fb6662f6d04259ba9ad23,source
08_softcomputing_extension/kaggle_notebooks/softcomputing_kirkaldy40_transfer_audit.ipynb,275577,17486567d39186e5d0aec8947e8217f560e70b3a0e52fa5d312d22ce2b388763,notebook
08_softcomputing_extension/kaggle_notebooks/softcomputing_mamba_baseline.ipynb,230614,bb2706ab595cf0716710646b722deb39fb7a54a3168695d143035d4feb22676b,notebook
08_softcomputing_extension/kaggle_notebooks/softcomputing_mamba_baseline_FINAL_v3.ipynb,230614,bb2706ab595cf0716710646b722deb39fb7a54a3168695d143035d4feb22676b,notebook
08_softcomputing_extension/kaggle_notebooks/softcomputing_nsga2_random_search.ipynb,235276,710e570ac6daed0677d1e8a778e629c633001537dd12a8797492311fa457a832,notebook
08_softcomputing_extension/kaggle_notebooks/softcomputing_nsga2_random_search_FINAL_v3.ipynb,235276,710e570ac6daed0677d1e8a778e629c633001537dd12a8797492311fa457a832,notebook
08_softcomputing_extension/kirkaldy_40_dataset_summary.json,5803,a2647503d083bfda32e41cb8278b3c7531a2fc9285141d41d599bd1ff4946feb,result-or-metadata
08_softcomputing_extension/kirkaldy_40_normalized_features.csv,111839,b90d69492030f7bb3ddbec717a04e6de3c4743b62b5253e02652314c7ef61374,result-or-metadata
08_softcomputing_extension/kirkaldy_40_raw/expt1_cellA_10degC.csv,7320,30eaaca9c3fc3e5fde32cb1088996ac1081f2791c9d9baa8b29ea69956484f5f,result-or-metadata
08_softcomputing_extension/kirkaldy_40_raw/expt1_cellB_10degC.csv,7313,0f1c8f4b0e33c083100c73224ceed20df654dc84769d83afee990a5afbc38d3f,result-or-metadata
08_softcomputing_extension/kirkaldy_40_raw/expt1_cellD_25degC.csv,6859,f9bd559f0b75481b5848cead833e2cb34f229135ee86babdc7a43856531652d4,result-or-metadata
08_softcomputing_extension/kirkaldy_40_raw/expt1_cellE_25degC.csv,7350,da4fea29bdd76ef00a6d3f175ccfd946dacb91c4c0372ece209d10137ef9b837,result-or-metadata
08_softcomputing_extension/kirkaldy_40_raw/expt1_cellF_25degC.csv,7328,d43b33091b9ce50ec2f90ec1945be5c11da5ddfa89c4c70832b4d43e1a4f3ccd,result-or-metadata
08_softcomputing_extension/kirkaldy_40_raw/expt1_cellJ_10degC.csv,5460,cf69148853e77aa1326d921a26388a672603ec3980e24369ac110acc60f61312,result-or-metadata
08_softcomputing_extension/kirkaldy_40_raw/expt1_cellK_40degC.csv,5448,35db9f103c8f2a5459accaf5f83234acc7d7100be96785af0df17a34dfd7011f,result-or-metadata
08_softcomputing_extension/kirkaldy_40_raw/expt1_cellL_40degC.csv,5483,32461283dc15cf98a8dca9f00c0bf2a9a89e89b4c66fe23d4774f0f1bfea0a23,result-or-metadata
08_softcomputing_extension/kirkaldy_40_raw/expt1_cellM_40degC.csv,5467,498aa645eb67cb5d2c7fb9c4dc40ad72ef5baa5ffea931573d3abed0f9160cb8,result-or-metadata
08_softcomputing_extension/kirkaldy_40_raw/expt2_2_cellA_10degC.csv,6387,7094484a53c2dd92175c3134f1f5a4bd042e23c4b5d07d8e9ba894230dbfa93e,result-or-metadata
08_softcomputing_extension/kirkaldy_40_raw/expt2_2_cellB_10degC.csv,6400,cdc090624559c8debdb8d36b8afba13a555ec85e0b757860e03ecd7a9c88136e,result-or-metadata
08_softcomputing_extension/kirkaldy_40_raw/expt2_2_cellC_25degC.csv,6405,251596f39650a19470c94dc5859e9d0151255161a9a0355163d11506a26e9945,result-or-metadata
08_softcomputing_extension/kirkaldy_40_raw/expt2_2_cellD_25degC.csv,6383,e1d4fe1d45d976c0b1831fdb5a4c8835dd8db549418768f45fe75c2b877b926e,result-or-metadata
08_softcomputing_extension/kirkaldy_40_raw/expt2_2_cellE_40degC.csv,6379,f61f9973105a9442815789388d63197fed7b3680c6af7dceaf51c2dceaacd39b,result-or-metadata
08_softcomputing_extension/kirkaldy_40_raw/expt2_2_cellF_40degC.csv,6371,af4ac235ecff6dd4bfb07a90c42337e93e89425b66098f464b3edd7e06187e8b,result-or-metadata
08_softcomputing_extension/kirkaldy_40_raw/expt3_cellA_10degC.csv,5473,0275991a5d3617109944b0398c9e4027903724057ac578b434423a57cdf4cb0b,result-or-metadata
08_softcomputing_extension/kirkaldy_40_raw/expt3_cellB_10degC.csv,5482,4fdd1f738078f46baffd9f05a6fe9658ee5437b74a302fa58967770a2be9f83a,result-or-metadata
08_softcomputing_extension/kirkaldy_40_raw/expt3_cellC_10degC.csv,5452,7aaaac0f5d628bd098cf41eb2db4c019bb28a7e50c742be73a2ac185dc6d1516,result-or-metadata
08_softcomputing_extension/kirkaldy_40_raw/expt3_cellD_25degC.csv,5887,fcc888adcd66b975275d781fc18f25bdf57108f05c65705eb6221d1fbb0807b3,result-or-metadata
08_softcomputing_extension/kirkaldy_40_raw/expt3_cellE_25degC.csv,5889,97da7271b83459b7a97a42b457cff6edd18587b5f9f0143b1a00149b019aba82,result-or-metadata
08_softcomputing_extension/kirkaldy_40_raw/expt3_cellF_25degC.csv,5896,29b81032587efca0f3dc9ce5932876edba18e6312afe7e8e74ead5d597d9fa44,result-or-metadata
08_softcomputing_extension/kirkaldy_40_raw/expt3_cellG_40degC.csv,5906,a2a4d5b29b9ab34e8c8659cc14d6e3d3625419c739fcc72713b1ffcd18b8053e,result-or-metadata
08_softcomputing_extension/kirkaldy_40_raw/expt3_cellH_40degC.csv,6381,e9963757918280b2b79c6b2dc763082e84ea0f6a1871862df0bbb5f5607aadb6,result-or-metadata
08_softcomputing_extension/kirkaldy_40_raw/expt3_cellI_40degC.csv,6394,a08dc1bc947f4d3043fd0adf0d1403959ce190c54b7b4234d03015cac43201d8,result-or-metadata
08_softcomputing_extension/kirkaldy_40_raw/expt4_cellA_10degC.csv,4972,4c63ebed483826a792408123cc695b00f98ccc8cf3ae5c2f78e7bdd1cf905634,result-or-metadata
08_softcomputing_extension/kirkaldy_40_raw/expt4_cellB_10degC.csv,4985,de79f7625dc892ecf8e090e201c454d35268b2a1b59239986d67ad6407a29503,result-or-metadata
08_softcomputing_extension/kirkaldy_40_raw/expt4_cellC_10degC.csv,4974,dbb7f2a5422d4e46e8536b1ee77726df9ffcfa5ce4ef9f3135fff8fc5067fca1,result-or-metadata
08_softcomputing_extension/kirkaldy_40_raw/expt4_cellD_25degC.csv,4963,6795bb53f8e3ba956229e1e29a6bb38c2b48e8e550241c9e54eb53e3b9fdc962,result-or-metadata
08_softcomputing_extension/kirkaldy_40_raw/expt4_cellE_25degC.csv,4989,86987dd68352db97ef90b826c6114284e8c5bd79a568e10b00c83984d16c2b27,result-or-metadata
08_softcomputing_extension/kirkaldy_40_raw/expt4_cellF_40degC.csv,4962,1dff15b525a05d1b2325fb4f22a08c1acb6d0b97d0c4fc3354e5a8757fd3f636,result-or-metadata
08_softcomputing_extension/kirkaldy_40_raw/expt4_cellG_40degC.csv,4966,ae1c9926e2d5b89d44cf6c6d6007624ac178ed636ae5440973d2ddf202e53723,result-or-metadata
08_softcomputing_extension/kirkaldy_40_raw/expt4_cellH_40degC.csv,4962,c7dca871e6318c091384254e9d39ba234afcdd0657384f0bc70aa97306e7a7ba,result-or-metadata
08_softcomputing_extension/kirkaldy_40_raw/expt5_cellA_10degC.csv,6732,d4b20e7dc69b2825c2a73da323c200b8c6930c1dad692feb8ec00c66fa4a82b9,result-or-metadata
08_softcomputing_extension/kirkaldy_40_raw/expt5_cellB_10degC.csv,7367,739a9ebe25b6f9da7b066f944e64ea7d2e17a0c1b8d85abcdb141f1f65cf83cf,result-or-metadata
08_softcomputing_extension/kirkaldy_40_raw/expt5_cellC_10degC.csv,7381,7aa1c6e3e9888bef3da857906e81b06b0a679e7e777d5c20c68be786d8e24f97,result-or-metadata
08_softcomputing_extension/kirkaldy_40_raw/expt5_cellD_25degC.csv,7356,436650bf1b21806f55fc41fbf9fb159b85068909d2496e2018db5f87de2522a2,result-or-metadata
08_softcomputing_extension/kirkaldy_40_raw/expt5_cellE_25degC.csv,7350,0c8bb628f580d50f82137b6170be43a08743e060d8fded8e9fd36d50ddfa619a,result-or-metadata
08_softcomputing_extension/kirkaldy_40_raw/expt5_cellF_40degC.csv,6744,3932e819faa06dd855a1f585f1a6cf4adafccac4bce4b8a3d3acfd3c4eb4e616,result-or-metadata
08_softcomputing_extension/kirkaldy_40_raw/expt5_cellG_40degC.csv,7357,e2f23ae52250740792f3ec550f66b210530f6f15bd8254870fedf4bd341bb8b0,result-or-metadata
08_softcomputing_extension/kirkaldy_40_raw/expt5_cellH_40degC.csv,7350,52d212672e4938033f3754db376a6cb5e6649a9e009e7031df66eeff0528f135,result-or-metadata
08_softcomputing_extension/kirkaldy_40_raw/extraction_manifest.json,22335,f7851775fd8d5b3a61096a18e32d39be0414a7a36d7c16640acd901c7f01d5c8,result-or-metadata
08_softcomputing_extension/kirkaldy_manifest/Battery_Degradation_Data_example_notebook.ipynb,16008,b62e5ce53fb60adb42a5d8e0ea25dc12a3dc6d2e7cd19991105e0943476e03d9,notebook
08_softcomputing_extension/kirkaldy_manifest/experiment_metadata.xlsx,21913,a5239ba396fe5878e4450a42f39c6e825658113d41ec37a646b82b248bcc4f6a,archive
08_softcomputing_extension/notebook_materialization_test/__pycache__/run_softcomputing_search.cpython-314.pyc,42822,fe35973c46bc84f689e246a864ca41750833be2022e8893925ec0e5ce8549666,archive
08_softcomputing_extension/notebook_materialization_test/round2_core/__pycache__/run_metaheuristic_search.cpython-314.pyc,30799,8a84873124ed9cceae3b672d7fd4ee35200a5e20a5eceb8b2672be63a38ea375,archive
08_softcomputing_extension/notebook_materialization_test/round2_core/__pycache__/run_round2_experiments.cpython-314.pyc,54728,d2cf3b31005d4e85c329d825a800655b87b70999f75704d77173da538b84fb89,archive
08_softcomputing_extension/notebook_materialization_test/round2_core/inputs/fixed_split_test_predictions.csv,8850,02ef40562fcde447203dc91c477dbd2321dac554fb2e313adff03ad620319b54,result-or-metadata
08_softcomputing_extension/notebook_materialization_test/round2_core/inputs/fixed_split_val_predictions.csv,7268,4938af10ac26fec8edf24d16219e7f7d4e5f8ff7bd9f9baaa7cebd8e344122f0,result-or-metadata
08_softcomputing_extension/notebook_materialization_test/round2_core/inputs/phase1_cv_all_rows.csv,863992,15b32f4953e887d4db64c9de19d5113d1db4fb79978f203d3edab52598c6a0da,result-or-metadata
08_softcomputing_extension/notebook_materialization_test/round2_core/run_metaheuristic_search.py,18355,153c8d1e7444aeba5ddfc2ed6477418d0a5bd238712e71174aa614fecb128e13,source
08_softcomputing_extension/notebook_materialization_test/round2_core/run_round2_experiments.py,29390,c68695ae21745c0a7f7bd5938365cd8f75abfe361e772a536ad8c8e14ddb8fd0,source
08_softcomputing_extension/notebook_materialization_test/run_softcomputing_search.py,27331,749566f3764a82d26949d9408f247d78192556345c31e474f89b46e8b34164a5,source
08_softcomputing_extension/outputs_kirkaldy40_transfer/figure_kirkaldy40_transfer.pdf,16435,0ca81ff791b1e739f5b6e5f9e9c92be7663315291dcae5f28a8defa8b429a5a0,archive
08_softcomputing_extension/outputs_kirkaldy40_transfer/figure_kirkaldy40_transfer.png,103899,939578c5e9ef36f9af36ac3c2e50b97898d1b6bc1b130ae2b307c6ec55ebcf22,archive
08_softcomputing_extension/outputs_kirkaldy40_transfer/transfer_cell_level_tests.csv,493,8a7918f514df0534e1024a2de6042bf8d1aec874d26ad72b7b766d08f105bd65,result-or-metadata
08_softcomputing_extension/outputs_kirkaldy40_transfer/transfer_cell_metrics.csv,14660,1205491a4a9cdf98494b8f805eecd79ce3a93891f9a1933a4889df21edfd4e19,result-or-metadata
08_softcomputing_extension/outputs_kirkaldy40_transfer/transfer_experiment_metrics.csv,1632,40748fc1a97c71b470401cba63537f58eb10bdfdbc065b6575f3950b3e7873df,result-or-metadata
08_softcomputing_extension/outputs_kirkaldy40_transfer/transfer_manifest.json,508,67940e47272e755679db4cbee9fd4538555813e5741aa88d4796cc7a57313ed0,result-or-metadata
08_softcomputing_extension/outputs_kirkaldy40_transfer/transfer_predictions.csv,202452,6270c99ad02e1efe347aa9c497c8bc65c0854e6315a5bc8ac9a42134e227b9a0,result-or-metadata
08_softcomputing_extension/outputs_kirkaldy40_transfer/transfer_seed_metrics.csv,479,f9cfb51b31a295ee53b915c70efbc7e6c7032ebfbbe1f31726ff4ee7212b4941,result-or-metadata
08_softcomputing_extension/outputs_kirkaldy40_transfer/transfer_summary.csv,524,10448f1b782ff6096c75db0a9440198a2e63c7004c81384587b69dc47848c639,result-or-metadata
08_softcomputing_extension/outputs_kirkaldy40_transfer/transfer_timing.csv,256,322183b9ce47a9d0c74cf0a55b93b1a3f5474426690135fa027540f954958704,result-or-metadata
08_softcomputing_extension/outputs_kirkaldy40_transfer/transfer_training_history.csv,349,8c8ab80c5b6aafc316e4053051f63a4a18f28db0b96b9d0796b9500d0c192f7d,result-or-metadata
08_softcomputing_extension/outputs_softcomputing_search/experiment_manifest.json,1789,a9f645fcb7cb1e9ded7913640fa8ec32872a83b45c0f6cf3594da1554c0d7f23,result-or-metadata
08_softcomputing_extension/outputs_softcomputing_search/figure_final_accuracy_complexity.pdf,18217,302c386125ed226a87a65c98dabc541cf020a90c60a654d740499cc921aa4e7b,archive
08_softcomputing_extension/outputs_softcomputing_search/figure_final_accuracy_complexity.png,102814,cee45df149db259ef98c0c26d51553d45fc4f7a1c0d5f72e7daab202fa3715f5,archive
08_softcomputing_extension/outputs_softcomputing_search/figure_search_convergence.pdf,17603,03e58ab5d0e84817c2689078b2d52293aa2bf6f62e1ef95356e68ce2dd939dd2,archive
08_softcomputing_extension/outputs_softcomputing_search/figure_search_convergence.png,94314,102d8de975ae3f83deb9e2d9af174ebea9a769cfce4e9aee3e77306fa90cbf73,archive
08_softcomputing_extension/outputs_softcomputing_search/figure_search_pareto.pdf,22032,7cdc33c28919cfa9cfad062bef7be939fbcaed8e53198b1c6b74032e20c96c9f,archive
08_softcomputing_extension/outputs_softcomputing_search/figure_search_pareto.png,147389,8fbc53d269d9baac24c7aab59c957f88db5fe34052ebf155c423ca530fd4225f,archive
08_softcomputing_extension/outputs_softcomputing_search/final_paired_tests.csv,167,ed61a33c25a130bd06d837e7d017e41e9cf4eee71f8e7fa38f2ec5000717427f,result-or-metadata
08_softcomputing_extension/outputs_softcomputing_search/final_predictions.csv,21497,1ac5a0bc2c5ecca97d75c3904b76f323fa947d218134116fa6f6b29e9de51e6b,result-or-metadata
08_softcomputing_extension/outputs_softcomputing_search/final_seed_metrics.csv,927,9d0b0a5b9f44ae1082c2628fe09e473d2faf4c4d00d9d022279d6df5b0553caf,result-or-metadata
08_softcomputing_extension/outputs_softcomputing_search/final_summary.csv,502,47bb9b91806e951b5994e11ab991e80e19d979208dbb84aa91afbfd1a490bb3a,result-or-metadata
08_softcomputing_extension/outputs_softcomputing_search/final_training_history.csv,1006,2640e18715ecd482e5c71df84e0c4269ca9c0e4f413eac81116996afc9e562a0,result-or-metadata
08_softcomputing_extension/outputs_softcomputing_search/rescreen_candidates.csv,798,7045c09e73f2683c15c1a2adbe89b51bfc2e447760ee8e3b91650724bebe6bdc,result-or-metadata
08_softcomputing_extension/outputs_softcomputing_search/rescreen_seed_metrics.csv,646,79438aaeec5f5667124673066ad70fef8e1e7a7b7b3efa8a9b42b1c3f76c76f1,result-or-metadata
08_softcomputing_extension/outputs_softcomputing_search/rescreen_summary.csv,769,0eabcc0e990f495326bf12265b9f8aa3ef8cf1fa271db2895e18bd01a8c9a838,result-or-metadata
08_softcomputing_extension/outputs_softcomputing_search/search_trials.csv,2296,de7f0959ccfb3bd9a2a0a4f9a8ffbb5c18fe9b7b60537afe8f837b46a4cfa771,result-or-metadata
08_softcomputing_extension/outputs_softcomputing_search/search_trials_ranked.csv,2658,49b7e8a9b36428b08c332fff59dd45d365e4f850fcb7e52f1386f44f419181ef,result-or-metadata
08_softcomputing_extension/outputs_softcomputing_search/selected_configurations.csv,458,a1afe47da0af7d0673a3bb0776c89aab7852e8b5504adde7f001ab8c75fad046,result-or-metadata
08_softcomputing_extension/prepare_kirkaldy_40.py,6879,3426e35b7fb06556ac6c185d6c98cad9ea7e44d8598303d66c26be876a770d49,source
08_softcomputing_extension/README.md,2922,f197663105d0015fefa69eebdb1343ad005f59c138e7f666df9026594d534b47,archive
08_softcomputing_extension/run_kirkaldy40_transfer_audit.py,23691,30abcb962ce180f7c015e10a9ab97b1a892a63fe9d7f253974c3791f2fc7182d,source
08_softcomputing_extension/run_mamba_baseline.py,13551,7a0d13b3a9157e16b42c009aff6d8389bdcb87e0c57bddff937b4b9bf5d7a2dc,source
08_softcomputing_extension/run_softcomputing_search.py,30228,0ebf291ea4d8b9a440ad4ce1315376a3b0b23c3b98adf035cdd738102e394e66,source
08_softcomputing_extension/spreadsheet_tmp/inspect_metadata.mjs,1125,8dd01c65a51fe79602aabc87e40f14531c2f6b25c60406bccda4474c61997074,archive
09_asc_rewrite_evidence/APPLIED_SOFT_COMPUTING_PAPER_MASTER - Copy.md,72577,77414cd9ee59f0258fd21680cda6919f052e560bdbfb02174e32b6297982e2fd,archive
09_asc_rewrite_evidence/final_results/mamba/mamba_environment_manifest.json,608,7963dc5093ddf4a06405b4db39aa002d8fac56f5c591b0e161c67128ae54a656,result-or-metadata
09_asc_rewrite_evidence/final_results/mamba/mamba_predictions.csv,30362,9e45c51cf135a7b877622fd064165dc1ec65c9827a546b90f62b9080d3553324,result-or-metadata
09_asc_rewrite_evidence/final_results/mamba/mamba_seed_metrics.csv,1310,5deee8e539cbf0382b145412faf40c7db0ae87fbbce98b2e8d96e9796f6b3c12,result-or-metadata
09_asc_rewrite_evidence/final_results/mamba/mamba_summary.csv,334,d8075d2024eda1b04904348de0b251db67a15f4a0ea85c3f4577de25d67fd316,result-or-metadata
09_asc_rewrite_evidence/final_results/mamba/mamba_training_history.csv,36622,2574ea8ebb01e49ecc88bcec92e6eed87305573cf6303e674b6228c3e572fb43,result-or-metadata
09_asc_rewrite_evidence/final_results/search/experiment_manifest.json,1765,83cf8b8f889569fa7603c352277aeeefa8b0cdda2b465eddab7d53c09df172be,result-or-metadata
09_asc_rewrite_evidence/final_results/search/figure_final_accuracy_complexity.pdf,18506,358bd546b115e4ce935959a628ae4377de7a3a16467b9c2f3cd33e31b081403d,archive
09_asc_rewrite_evidence/final_results/search/figure_final_accuracy_complexity.png,111823,46a2c6a999d3ee8661652b3d1c44d83ce730f978190a6f716bee6e57960946c0,archive
09_asc_rewrite_evidence/final_results/search/figure_search_convergence.pdf,17853,7fdd8be88af1be931eef1c20748d21134ededa1ae7f34064b4bf4efbc946db53,archive
09_asc_rewrite_evidence/final_results/search/figure_search_convergence.png,98552,5e55e9f67d01f2365ab7e803c7fe0ee9b4f6d21c0f47b1d6abba5a7e4dee867a,archive
09_asc_rewrite_evidence/final_results/search/figure_search_pareto.pdf,24625,e6340f8c74b5d7161ae53cceb1d1fbdaa59fd5a226cade5bff4924f8ba258360,archive
09_asc_rewrite_evidence/final_results/search/figure_search_pareto.png,252623,0640c0d5f015ee509bcb1e2332f920d07a78d211ded91ab34a00da870ead339c,archive
09_asc_rewrite_evidence/final_results/search/final_paired_tests.csv,186,51d2785e4f32d1d6223b0891fe25e8b7e3c09c5f45f37af33daddfdf29230bb6,result-or-metadata
09_asc_rewrite_evidence/final_results/search/final_predictions.csv,106142,a16f3e24b824f8959de36bf8a1548f5ec36d7886e8b6d3335ad26c6fdb57c0fe,result-or-metadata
09_asc_rewrite_evidence/final_results/search/final_seed_metrics.csv,3849,ef4d38eab9a6a70f67c640ef213e51d11957eead81de83594723c67b8f32c1d2,result-or-metadata
09_asc_rewrite_evidence/final_results/search/final_summary.csv,665,3cd0dc0d84c8886995df40a132b2ed6f7b24389cfc150867f297ee1f8b3b7326,result-or-metadata
09_asc_rewrite_evidence/final_results/search/final_training_history.csv,203121,e09cc7bcdcbecd119648f1d304143c6777078a2ed0442bd815b94c9d97887975,result-or-metadata
09_asc_rewrite_evidence/final_results/search/rescreen_candidates.csv,1748,778768a67cc767722ecfa60bf20722b3a112571696b953220732ff94d091dd0a,result-or-metadata
09_asc_rewrite_evidence/final_results/search/rescreen_seed_metrics.csv,4106,7c7bf36da95133b3430c7a3227c37d6a0c7f9cfde9dbdee1e0382db4d878fa87,result-or-metadata
09_asc_rewrite_evidence/final_results/search/rescreen_summary.csv,1869,821d478330ca692b2331ec37673036c8876e0dfcc6d213d81e5379d302d3b7e8,result-or-metadata
09_asc_rewrite_evidence/final_results/search/search_trials.csv,8826,8750039577b789674c3484f2420d30154e0f0219d081fc3694c342678c785e39,result-or-metadata
09_asc_rewrite_evidence/final_results/search/search_trials_ranked.csv,10190,ff1024f8e11c2ad4cd1160aa1d3557e412e1f3ad810023c4a9fab5cdc506ae83,result-or-metadata
09_asc_rewrite_evidence/final_results/search/selected_configurations.csv,496,a79e04335abbc89363a92381c5329105d8e5120fd52745d87d43628fa91f0876,result-or-metadata
09_asc_rewrite_evidence/final_results/transfer/figure_kirkaldy40_transfer.pdf,16578,2c01ff3d9951003ed6c801f37b1f8a2bb536948814be0d67e28c90f3fed203c7,archive
09_asc_rewrite_evidence/final_results/transfer/figure_kirkaldy40_transfer.png,124378,2e7f47abf693448cdb2163575357e8187ad9ab03d2247251f4946f97ea7c24bf,archive
09_asc_rewrite_evidence/final_results/transfer/transfer_cell_level_tests.csv,484,fa03fbf593dbbfe20665fca104ae87e34c3d98001e6a04a287a47562c909031c,result-or-metadata
09_asc_rewrite_evidence/final_results/transfer/transfer_cell_metrics.csv,36553,a723856968be48df04526798b6a0b56fb311524491a3981de0b4f16f2f8157bf,result-or-metadata
09_asc_rewrite_evidence/final_results/transfer/transfer_experiment_metrics.csv,4036,a883e35e00673eed41d337e0c7d36b696d8dcb7cac5f60f85b7e4a8fe546ebf9,result-or-metadata
09_asc_rewrite_evidence/final_results/transfer/transfer_manifest.json,537,f6e30c41e7e81f38210d2e06542ea0a8ada472fd871f74067d659521431faa47,result-or-metadata
09_asc_rewrite_evidence/final_results/transfer/transfer_predictions.csv,538750,d1eb81f41b7a4ea611a2b1db65c5b6251e58c600dfba662124da128644295f2e,result-or-metadata
09_asc_rewrite_evidence/final_results/transfer/transfer_seed_metrics.csv,1106,64b9ba02a838ed8f105cc0909a0b21fdc4b85a3cdaba477fcdc740700df54ca3,result-or-metadata
09_asc_rewrite_evidence/final_results/transfer/transfer_summary.csv,591,6d89bb8146f27f9106d769908995f611dc2b7d48652321c624e8529dbbf122c1,result-or-metadata
09_asc_rewrite_evidence/final_results/transfer/transfer_timing.csv,907,33f8d8b61e5ddf49c00bb0e19abb83fc4cf72134f784050fe6c0e07782d272e5,result-or-metadata
09_asc_rewrite_evidence/final_results/transfer/transfer_training_history.csv,88742,e25aac6fa4dc83e6f1125557fc4060a4d5053c36416004453584213f86b1f96f,result-or-metadata
09_asc_rewrite_evidence/spreadsheet_inspection/inspect_kirkaldy_csv.mjs,1253,3c3a1b5997092ada21482da53eab32a5aa8ffc34758accd46663fb554a7c1a0c,archive
09_asc_rewrite_evidence/spreadsheet_inspection/inspect_metadata.mjs,898,475a007c606351c7fef7a1dd37dfcc45bb5ecf4599c2d96338154c06263e6c24,archive
09_asc_rewrite_evidence/verified_archives/mamba_final.zip,26452,e127cc1ddc9682003a4bab0d874f10e3e9d0eda337dfd1ef72257ee2cf82970a,original-kaggle-archive
09_asc_rewrite_evidence/verified_archives/search_final.zip,548602,d37aed5a4df7c341ac80e7a143d4cf576c48ceeca0eb6a1bb370a1d6e24307da,original-kaggle-archive
09_asc_rewrite_evidence/verified_archives/transfer_final.zip,285850,7302e96eb941f168ca4fb8a8484e92f6dc823c2352af9425662bbb2c7bac087c,original-kaggle-archive
10_asc_optimizer_study/__pycache__/analyze_optimizer_study.cpython-314.pyc,29757,d346f2773b1fb5bd6707acacadb596d3310f837069a0793767efeffdd8acb208,archive
10_asc_optimizer_study/__pycache__/build_three_kaggle_notebooks.cpython-314.pyc,11678,3a7978ecb1310ed627f2ca02d47defa926c76897e2737ac01b36e43e727e4973,archive
10_asc_optimizer_study/__pycache__/run_repeated_optimizer.cpython-314.pyc,25753,446f48ff9a5a882d724094e51b94cfe2b671645b7bdc2ebf75abf8c1bcfcd068,archive
10_asc_optimizer_study/analyze_optimizer_study.py,15906,b5df240e26ce4dc22c9fefc673a24dc5c7135e15a69a4d05aaf913cc369d3921,source
10_asc_optimizer_study/build_complete_evidence_md.py,40370,26392e6e0073e1a7e1687fb7d8837dbf18fc2dd9efc8867dc38f028767559b51,source
10_asc_optimizer_study/build_three_kaggle_notebooks.py,9939,7e7d7aa76b0a4d3263b603b797cfb61a374ed969b448e3dd10294d1fe633dec9,source
10_asc_optimizer_study/complete_results_audit_20260822/all_optimizer_trials.csv,1854934,068dc6f3eb6da0d2ee46792fa2961d05adc1f743a9c248ff9093fbe522691a7c,result-or-metadata
10_asc_optimizer_study/complete_results_audit_20260822/candidate_rescreen_raw.csv,5897,7a39f1d555f8219c9b37cddab85802bdf13790b2197c6d8356a737ce13b618ec,result-or-metadata
10_asc_optimizer_study/complete_results_audit_20260822/candidate_rescreen_summary.csv,2329,0c57f2ef2af998678374e1abc2c1acc998834ec4a901ce5bf29799ab8aa52ece,result-or-metadata
10_asc_optimizer_study/complete_results_audit_20260822/final_paired_tests_holm.csv,1144,82bef7701ce7ecb121bfec44aa23a1140ad9303ac226c8fa9d389a252fb03f21,result-or-metadata
10_asc_optimizer_study/complete_results_audit_20260822/final_predictions.csv,267236,7d301de08c426fab77e3eb80c7a14262008ccc9b07fe824f1162b5932d5e104f,result-or-metadata
10_asc_optimizer_study/complete_results_audit_20260822/final_ten_seed_raw.csv,10204,5825191ba4565611cb9c16612490c073333a6d2de6c1904782922f9a4a683957,result-or-metadata
10_asc_optimizer_study/complete_results_audit_20260822/final_ten_seed_summary.csv,2118,fe24b3fa8e0ae2c41498f242e470e39d6f79b8fe09000de8dd81366753d6189c,result-or-metadata
10_asc_optimizer_study/complete_results_audit_20260822/gapfill/age_type_value_counts.csv,49,80ad12e55b9c96cba89c84fb294e98140523ade935f95fd28c055692866c7c24,result-or-metadata
10_asc_optimizer_study/complete_results_audit_20260822/gapfill/budget_to_parity_by_run.csv,1399,9a2479397befa57b0574cd92f2a808ca0ee9551c380b76f47ff2ed7a2812f73e,result-or-metadata
10_asc_optimizer_study/complete_results_audit_20260822/gapfill/budget_to_parity_summary.csv,269,f1f87448d93f79c25641be2ff489101f4288bcba6acb7ba488f190d48ce90530,result-or-metadata
10_asc_optimizer_study/complete_results_audit_20260822/gapfill/finalist_seed_variance.csv,467,a9a4c3a6edbb64b105419bf8af8a92ce4075b53c9dfb09dfb90098c8cff9270f,result-or-metadata
10_asc_optimizer_study/complete_results_audit_20260822/gapfill/finalist_variance_tests.csv,143,9708c755a1adcee1c13c621dd417127a56facdad24ca5f23524dd1cceb41729b,result-or-metadata
10_asc_optimizer_study/complete_results_audit_20260822/gapfill/front_size_spacing_by_run.csv,1601,d69e9373fa373731a43d8505c8f13bd2bbfe496d248720159a5f367435bf2384,result-or-metadata
10_asc_optimizer_study/complete_results_audit_20260822/gapfill/front_size_spacing_summary.csv,330,ac7bc52c91091ccf91af6ed9dd8a14bebc3c20c5b26f1d98bb38e54669d51d36,result-or-metadata
10_asc_optimizer_study/complete_results_audit_20260822/gapfill/front_size_spacing_tests.csv,862,bd8b02d6468276bd189bee1d0b156a29639c67f696c70738f0746f35da0e54fa,result-or-metadata
10_asc_optimizer_study/complete_results_audit_20260822/gapfill/igd_plus_loo_by_run.csv,2646,a7aa48a99fd6ece6d4b4f3c845d7c3031765a6e12b552cccfc36387f7aba7f7c,result-or-metadata
10_asc_optimizer_study/complete_results_audit_20260822/gapfill/igd_plus_loo_summary.csv,340,58b406d0838c6ac76fb619ea2e7dd745501001eb29ab63462778272b36b62b6f,result-or-metadata
10_asc_optimizer_study/complete_results_audit_20260822/gapfill/igd_plus_loo_tests.csv,926,b0e5f533b4c7d2ce94da1962079de792c135ab315b052643897ea3174eecc0b8,result-or-metadata
10_asc_optimizer_study/complete_results_audit_20260822/gapfill/k_exp_identity_check.csv,146,be7fe342978b3951df21f1a9bee8e90a217f459d10c91fac7b6099949b868c35,result-or-metadata
10_asc_optimizer_study/complete_results_audit_20260822/gapfill/pooled_pareto_tidy.csv,4145,0bec9b3b64766756cacef9b44748a4243014f48027d184ae7d7468e690a0b4fb,result-or-metadata
10_asc_optimizer_study/complete_results_audit_20260822/gapfill/processed_feature_ranges.csv,397,f6efe54c9edc58bfccb58647817531ef7546c2f32de25334e78cc69cffcddd3a,result-or-metadata
10_asc_optimizer_study/complete_results_audit_20260822/gapfill/random_seed_initial_population_check.csv,2152,4c55c016af1ed8d9a16a685da205d532c0e330243cb55afdc8873891c688aae2,result-or-metadata
10_asc_optimizer_study/complete_results_audit_20260822/gapfill/recorded_compute_time_components.csv,1327,3ad8da88811f6b80dccebe6743f9c0a7e9aa45b682dd428817d5f71025617ffa,result-or-metadata
10_asc_optimizer_study/complete_results_audit_20260822/gapfill/selection_sensitivity.csv,1721,08504f88f1ff917f7a9ee1a03d3132154f1f9a33c8ccb0ef282702049cbf9d26,result-or-metadata
10_asc_optimizer_study/complete_results_audit_20260822/gapfill/soc_window_value_counts.csv,73,7f2cb4504a8732e80d7e41c788db994031258876ec598f9a73ac988e5a324c94,result-or-metadata
10_asc_optimizer_study/complete_results_audit_20260822/gapfill/winner_curse_by_run.csv,3151,3767fdbab6d35328f55133b34637d0df5e000885a662c1fcdcd0a0da8676d0fc,result-or-metadata
10_asc_optimizer_study/complete_results_audit_20260822/gapfill/winner_curse_summary.csv,162,e7a16678196afbc3cbc7664179b0329ffd06b6302eca508d0c6f0577a7bbac1c,result-or-metadata
10_asc_optimizer_study/complete_results_audit_20260822/global_normalization.json,340,eb181d9ff3e9788ba2df00db4615bea18da01780120fe96fc8ca1a6988ad9993,result-or-metadata
10_asc_optimizer_study/complete_results_audit_20260822/hv_igd_by_run_and_evaluation.csv,23743,f68a0680c5e163580fd1214e8c7a2c4cc96b868aa2481a1edaad768d6ad8f51c,result-or-metadata
10_asc_optimizer_study/complete_results_audit_20260822/hv_igd_convergence_summary.csv,2892,0e7c4e6c18aec47e72f7c83357db45eb109bd1fd2f45bdf53ce07fb8ca55294f,result-or-metadata
10_asc_optimizer_study/complete_results_audit_20260822/optimizer_convergence.pdf,21611,56b0296bc83b60219360b8e3b173866606f404052f2d83704e2d4aadc5ab75c4,archive
10_asc_optimizer_study/complete_results_audit_20260822/optimizer_convergence.png,305811,3c37ed6e59bbe96a2194a146cf52a362d9c81cf8d58212dedef6b7360bcb141e,archive
10_asc_optimizer_study/complete_results_audit_20260822/optimizer_statistical_tests.csv,907,23994dfbdaf043bd091d18b700d27b5798f0ec162a43bcdfb44caf78ea5b612d,result-or-metadata
10_asc_optimizer_study/complete_results_audit_20260822/rescreen_candidates.csv,3409,f4c1744f6d4995a9dc14169b89e46559efb055dd90ef10945ed49ff7f9d1d231,result-or-metadata
10_asc_optimizer_study/complete_results_audit_20260822/selected_finalists.csv,551,da2820616ce780c455de44e56bad989ba35b3bc00f34f4585eecd555aadb551e,result-or-metadata
10_asc_optimizer_study/kaggle_notebooks/ASC_optimizer_01_noise_NSGA2.ipynb,241812,06f90f8a3c9ed82232d5d4927319442cfa4db5e39883adffee06de6158fb9988,notebook
10_asc_optimizer_study/kaggle_notebooks/ASC_optimizer_02_NSGA3.ipynb,241326,ae8361219fb5c5e60290dacfa6c0bc2f2499b656fc6d1aaa0ea76dfb746c3153,notebook
10_asc_optimizer_study/kaggle_notebooks/ASC_optimizer_03_random_analysis_finals.ipynb,251050,b698506c028817a7bac065eb40bc55e03cb3367f97647959a6eb5e6f97699875,notebook
10_asc_optimizer_study/received_results_audit_20260821/nsga2/all_trials.csv,617531,18dc93de71adc5f27eec467be479efbfbe668e9714120d752d1a986661f38408,result-or-metadata
10_asc_optimizer_study/received_results_audit_20260821/nsga2/manifest.json,842,50c185567760322672bcd79b62fafa4a2c3e09cfd1cacf449688e9b184db9962,result-or-metadata
10_asc_optimizer_study/received_results_audit_20260821/nsga2/noise_floor_raw.csv,9126,2cb591e1a598fd14aa7e138ba0373b3316b104c9d44f30e68d6f922fbb9ab82d,result-or-metadata
10_asc_optimizer_study/received_results_audit_20260821/nsga2/noise_floor_summary.csv,936,03e1e6b05d61ec4d7940ffe76fb5238be274521e260b1cd414a356d0f1d7f114,result-or-metadata
10_asc_optimizer_study/received_results_audit_20260821/nsga2/run_01_front.csv,4764,43a45dac7291e58ba3dbaa7861e4f8e0331904e6ddb41286cddeb9088c261a33,result-or-metadata
10_asc_optimizer_study/received_results_audit_20260821/nsga2/run_01_trials.csv,42516,f39cae031196c6108a3df6ec06f49e5e8505d38a0a95beefb25e6bceb9467a7d,result-or-metadata
10_asc_optimizer_study/received_results_audit_20260821/nsga2/run_02_front.csv,3377,f5b390aebfa2fdc9f72f668ed72f39120c5488291459adbaf6fb17329764505c,result-or-metadata
10_asc_optimizer_study/received_results_audit_20260821/nsga2/run_02_trials.csv,42427,fcb8a197e75b859c37cc5a1fedd5acd58b36fc5bb2b93fb7c677c2bb38d60166,result-or-metadata
10_asc_optimizer_study/received_results_audit_20260821/nsga2/run_03_front.csv,3827,8e9655c1d53cf2e950b81a7abab033f68cb1d51a8ab3251da57e3079187c43f1,result-or-metadata
10_asc_optimizer_study/received_results_audit_20260821/nsga2/run_03_trials.csv,42404,7b9638fd112c1b7fbca884b95bec61c097afe53abef62cc2d9bf0ac1a84017d2,result-or-metadata
10_asc_optimizer_study/received_results_audit_20260821/nsga2/run_04_front.csv,2745,ab798a33b31ae7eda824bf37f97d84fc0ab594567f0c0333fb55a498527046dd,result-or-metadata
10_asc_optimizer_study/received_results_audit_20260821/nsga2/run_04_trials.csv,42526,bdd29a2e462123fde4e30c4479d66b7bec8c522ae61d2476b5ba31f96c4d1dfc,result-or-metadata
10_asc_optimizer_study/received_results_audit_20260821/nsga2/run_05_front.csv,3989,70feba5a3b05ac039461af35b6be5323181e57a7ef4fe9d9739e1b95b760ced8,result-or-metadata
10_asc_optimizer_study/received_results_audit_20260821/nsga2/run_05_trials.csv,42318,e949727f08436d3f86ab43d6fb21d706675b4ba60abadba86c6307dcad16a9db,result-or-metadata
10_asc_optimizer_study/received_results_audit_20260821/nsga2/run_06_front.csv,3056,e2cb302f3832a756db8feacdfeb3c66f7b7d0c5c1bca7035298f2edc060137b2,result-or-metadata
10_asc_optimizer_study/received_results_audit_20260821/nsga2/run_06_trials.csv,42474,1dcad806d63ea707240a958018187dccbdefb3530dfa439937ba927b472ff9fc,result-or-metadata
10_asc_optimizer_study/received_results_audit_20260821/nsga2/run_07_front.csv,3527,4b6584413359efc37aa8a49b5f83cd28097d34261e0bf4d8f5a1b16c7a715f22,result-or-metadata
10_asc_optimizer_study/received_results_audit_20260821/nsga2/run_07_trials.csv,42423,cc8ba227cf1f17e8d1cc157617f2ecc3ebd6a09904615af621f89fc428221cdd,result-or-metadata
10_asc_optimizer_study/received_results_audit_20260821/nsga2/run_08_front.csv,2301,31d8d36f5950c96b40a10f4e764d50afe2410700dd8244f58d4b00e1a1953110,result-or-metadata
10_asc_optimizer_study/received_results_audit_20260821/nsga2/run_08_trials.csv,42438,db72f9262e1a2751ec3f4943b8f59fb9cf50edca8b77e53c90064e9827d8fd3e,result-or-metadata
10_asc_optimizer_study/received_results_audit_20260821/nsga2/run_09_front.csv,2299,6735938fdd4bcbc2d6a28c3df952ed4e90e43b0b462c72fd14d24a6afc27c076,result-or-metadata
10_asc_optimizer_study/received_results_audit_20260821/nsga2/run_09_trials.csv,42426,374d873090a9c486716e9b79678754c5125d58fa4ff021dde115ab24e956fbee,result-or-metadata
10_asc_optimizer_study/received_results_audit_20260821/nsga2/run_10_front.csv,3723,27dffeb84e8c0f58aa03c619163f4f57bed237dc250aeb51e4b051f16471b8b3,result-or-metadata
10_asc_optimizer_study/received_results_audit_20260821/nsga2/run_10_trials.csv,42826,4c91e8eb1f526a420f110e6907bb5af0756884c9eacd9bec8ce6e369456e6964,result-or-metadata
10_asc_optimizer_study/received_results_audit_20260821/nsga2/run_11_front.csv,3682,aab60688d446120ab6d0e438a57c9f7c5c38eef3eb878b6b993769f00b25f4bc,result-or-metadata
10_asc_optimizer_study/received_results_audit_20260821/nsga2/run_11_trials.csv,42647,a941190d73d1fa7a414ab2c52c75680250e7fe3612a4841cd7f3475f28a31846,result-or-metadata
10_asc_optimizer_study/received_results_audit_20260821/nsga2/run_12_front.csv,1703,6d4d2247ffabe0c184353a8c9af5d9c3129f0f4b20d20b62668fb90d1dce8dca,result-or-metadata
10_asc_optimizer_study/received_results_audit_20260821/nsga2/run_12_trials.csv,42788,b3cfea6231e92b693cfcc80f8942338dd7479b13ba18795c84bd10df34ae1dba,result-or-metadata
10_asc_optimizer_study/received_results_audit_20260821/nsga2/run_13_front.csv,4470,7605212231fa671110f178392b177a37be41bff8eb9f1f456a406ce65a3fba9f,result-or-metadata
10_asc_optimizer_study/received_results_audit_20260821/nsga2/run_13_trials.csv,42797,b6218f1571e6a5710c0f5a06b90f91fbd956eb4aee778500c5b67bf1378559be,result-or-metadata
10_asc_optimizer_study/received_results_audit_20260821/nsga2/run_14_front.csv,3096,034a3d08be5d2ff34d442472d9d1b6608fba15613bab9beb4bf17ffcde67fe06,result-or-metadata
10_asc_optimizer_study/received_results_audit_20260821/nsga2/run_14_trials.csv,42732,9e860905691557a0dfff94ae2c1fdeaeba3619640aec28be5a916c7303b91e67,result-or-metadata
10_asc_optimizer_study/received_results_audit_20260821/nsga2/run_15_front.csv,3545,c4491abc0179dc91e05f6efbc8a4a8e1a5484228d3d39bd007c182e87a5fef74,result-or-metadata
10_asc_optimizer_study/received_results_audit_20260821/nsga2/run_15_trials.csv,42680,f49cd7bc2947eeeb58aa283a9eb3337bcb1099957adb164a93c2834adb4b6e01,result-or-metadata
10_asc_optimizer_study/received_results_audit_20260821/nsga2/status.json,182,cbe81077e82d6fc993a7d1b1238b20c01b570d1e5b882829b22f186731d999ab,result-or-metadata
10_asc_optimizer_study/received_results_audit_20260821/nsga3/all_trials.csv,621028,c48ac57fef5aedc08eb786195f0533c273d9edbf73d56de7d4dff7db24a30015,result-or-metadata
10_asc_optimizer_study/received_results_audit_20260821/nsga3/manifest.json,843,3d950334b30aa8e93bc8e32bd5bf8829e3cec1f66fd4260a8d54fa05ede554a5,result-or-metadata
10_asc_optimizer_study/received_results_audit_20260821/nsga3/run_01_front.csv,4161,fb0220a931f1c8fff572a260d7924263f936a7b40e98e07216bdd9c12d4a921d,result-or-metadata
10_asc_optimizer_study/received_results_audit_20260821/nsga3/run_01_trials.csv,42713,82c434f10680326d5722bb1270d27ab9163e1bf9050fbc1a20c3de70a2b43a55,result-or-metadata
10_asc_optimizer_study/received_results_audit_20260821/nsga3/run_02_front.csv,4163,7759beb11ac77878dd0997bb7a322eb1fde210bfda810c3435dbb4fc0db09770,result-or-metadata
10_asc_optimizer_study/received_results_audit_20260821/nsga3/run_02_trials.csv,42745,0c3fa6c7c5078bef792e20ea40a0834333e9b2b9fec15241340e0ea7cedd737b,result-or-metadata
10_asc_optimizer_study/received_results_audit_20260821/nsga3/run_03_front.csv,4010,88b40d7a8fce10ba3c09cabb0a0fa6c1c116a1047c82f415d8c821cbcb108035,result-or-metadata
10_asc_optimizer_study/received_results_audit_20260821/nsga3/run_03_trials.csv,42730,ea7bcae845221553e741b71478000d18a6ac81c8cbe29a3fe2d496fdee3c58ae,result-or-metadata
10_asc_optimizer_study/received_results_audit_20260821/nsga3/run_04_front.csv,3699,0114dc7b337d3d4fc524a6099aa15fed50c2b53119ca084865b53292bfee16c7,result-or-metadata
10_asc_optimizer_study/received_results_audit_20260821/nsga3/run_04_trials.csv,42744,6f9ff52b936470c568227c0a2f93f6fd45e6969c5ecf9cfac16268b02bcda811,result-or-metadata
10_asc_optimizer_study/received_results_audit_20260821/nsga3/run_05_front.csv,4312,bcfdef05d4487d2b1cfda4e5b10935cfb012440570be2ff810da74b6f979b335,result-or-metadata
10_asc_optimizer_study/received_results_audit_20260821/nsga3/run_05_trials.csv,42673,ea15791fb21dc5e8a3461fe27f6584831f8fac12590ff17f8f4200c8b3b2a192,result-or-metadata
10_asc_optimizer_study/received_results_audit_20260821/nsga3/run_06_front.csv,2312,36969faab3622244df0f75bc66bf41431fc6e66f816cd85f95bc7290668dad4a,result-or-metadata
10_asc_optimizer_study/received_results_audit_20260821/nsga3/run_06_trials.csv,42713,defd0d6579c189f847034fea1a8e28961cfe8fa5891338d2ff035b3a29c02fc1,result-or-metadata
10_asc_optimizer_study/received_results_audit_20260821/nsga3/run_07_front.csv,3403,b919cca2b541a362c9bd1863aa8afbc82e87548ac7651d8f19900ec049498789,result-or-metadata
10_asc_optimizer_study/received_results_audit_20260821/nsga3/run_07_trials.csv,42670,9764b30efbb65e75ec6cb109b9643d6ce2dd7dd0b86c150ad25b1b619634d14c,result-or-metadata
10_asc_optimizer_study/received_results_audit_20260821/nsga3/run_08_front.csv,3380,5370bf88fa9b7deb02715fb0bde77a6b7e5b6f06aca168713aaf10e28dafdea3,result-or-metadata
10_asc_optimizer_study/received_results_audit_20260821/nsga3/run_08_trials.csv,42625,52d892a34faa78260e764e82d3cc3febd210e5e81c4e9324fe0f4649c897d4f2,result-or-metadata
10_asc_optimizer_study/received_results_audit_20260821/nsga3/run_09_front.csv,2304,dc014023553886d9f6fdf2e110a7921aa51f8c66cf9a33a0b97a397e1d070845,result-or-metadata
10_asc_optimizer_study/received_results_audit_20260821/nsga3/run_09_trials.csv,42530,563b089188092c0ba24556ac1d3143155f45a0f3b1c9cc42cc3c023f60a634fb,result-or-metadata
10_asc_optimizer_study/received_results_audit_20260821/nsga3/run_10_front.csv,3420,4d3ad84fd364798a6d2115d3235e5656aa108283d5f5df5eb044452f61b8d2da,result-or-metadata
10_asc_optimizer_study/received_results_audit_20260821/nsga3/run_10_trials.csv,43077,251ce4160240ec714965b4599680f224c926d9bba7413c70f5d4c7618bd62ccf,result-or-metadata
10_asc_optimizer_study/received_results_audit_20260821/nsga3/run_11_front.csv,3262,8f645de8d76776cee6202d1b9015799344303423d71f68254d43ce42560b9365,result-or-metadata
10_asc_optimizer_study/received_results_audit_20260821/nsga3/run_11_trials.csv,42849,c79b5482581ef1359d4c16810fc03c41d8faf715ce3a90bb047492927405a064,result-or-metadata
10_asc_optimizer_study/received_results_audit_20260821/nsga3/run_12_front.csv,2649,95ad95ccdbc0e8642488d8df2938172b8af36b7d812cb80554689318950b9c5a,result-or-metadata
10_asc_optimizer_study/received_results_audit_20260821/nsga3/run_12_trials.csv,43074,d266ba792fbf436392039bd48b314f292301762d0189089ac2da743c3cbb663e,result-or-metadata
10_asc_optimizer_study/received_results_audit_20260821/nsga3/run_13_front.csv,3257,404752ac6e8d9b9111ca0b1f3885d24997402614b53e793c267cea3cabccc136,result-or-metadata
10_asc_optimizer_study/received_results_audit_20260821/nsga3/run_13_trials.csv,43018,48a69b912c3ccdb42b6c714d69ccba9e91df00eb53e20f0afe41ccdc4aa36498,result-or-metadata
10_asc_optimizer_study/received_results_audit_20260821/nsga3/run_14_front.csv,4372,f5ab9489f1c6a08a6c42106e11ed330cbd03aa2b4391575eaee3909aabf91eaf,result-or-metadata
10_asc_optimizer_study/received_results_audit_20260821/nsga3/run_14_trials.csv,43008,89c54ce03ec29f0f71beb9309e9a4f4630809af46a2d00278f28188c4b0bce9f,result-or-metadata
10_asc_optimizer_study/received_results_audit_20260821/nsga3/run_15_front.csv,2634,367f89832ca75efe636a8ade8423c58657841ddd4af57c05f4d385c7631af9df,result-or-metadata
10_asc_optimizer_study/received_results_audit_20260821/nsga3/run_15_trials.csv,42852,803e73e40541823556ceee161bb210a52a544e1e4f831636f9ba6193c0287d4d,result-or-metadata
10_asc_optimizer_study/received_results_audit_20260821/nsga3/status.json,184,7b46900e872dfef11ee69c7c7d2753b3ee52975575fa037db5c496ce335706a2,result-or-metadata
10_asc_optimizer_study/run_gapfill_reanalysis.py,17513,ac79910af86dacfcbbfd197c5781d66742c292d598d1daf76cd1ffdf21828c3f,source
10_asc_optimizer_study/run_repeated_optimizer.py,14503,c5236978cbf9f43d1c643691795c8cf43a306f25fb7eafba45baabd23f0853e5,source
10_asc_optimizer_study/smoke_analysis/all_optimizer_trials.csv,10579,a21aaf5768781a7bc979a196c0f25da1879d73c43bf5d4df8c29830f639ecd15,result-or-metadata
10_asc_optimizer_study/smoke_analysis/candidate_rescreen_raw.csv,840,ae691f89098225decfa125d49f66466319d5a52ba4fde11fec1e2cb70a3ebfff,result-or-metadata
10_asc_optimizer_study/smoke_analysis/candidate_rescreen_summary.csv,828,87db475684fb172e9cd38b1a70f59244f478203030e3452ab38f979a166e3363,result-or-metadata
10_asc_optimizer_study/smoke_analysis/final_paired_tests_holm.csv,1078,bb7b6a7c9770177228cc490595ed78c0500ad7249c4a3b16615eccfd311a8b23,result-or-metadata
10_asc_optimizer_study/smoke_analysis/final_predictions.csv,53837,41da500fcd6c8ae98795fd6175ecade91108ccdde0aea03b50a4270a6e31202b,result-or-metadata
10_asc_optimizer_study/smoke_analysis/final_ten_seed_raw.csv,2129,4a9f188283a7d5288fa939f9a166f6b7aba2f311cb96e9fb3cded10383f980c5,result-or-metadata
10_asc_optimizer_study/smoke_analysis/final_ten_seed_summary.csv,2087,aaf5b608235a1f2ddf4ba055a468a25b0a2b1c3b3281628b3bc38d74ffdc3262,result-or-metadata
10_asc_optimizer_study/smoke_analysis/global_normalization.json,357,5bf71b0579044ee9b6d0a14b2d376e4419ac9fcdcb7fa977726c738a80a837f6,result-or-metadata
10_asc_optimizer_study/smoke_analysis/hv_igd_by_run_and_evaluation.csv,352,942ff49b376bd880c406be3e4eb13bc8985226373ecaa0a751ebebc683c3d873,result-or-metadata
10_asc_optimizer_study/smoke_analysis/hv_igd_convergence_summary.csv,329,cc51cf7feff4670e843fbe6b36ccb518a59634ff6d1adf6abb0eb0451b002e22,result-or-metadata
10_asc_optimizer_study/smoke_analysis/optimizer_convergence.pdf,18223,695b81c80c41457d4509f8b8d5da34c5c5bd69a4797ee5b248d0ed8730427f12,archive
10_asc_optimizer_study/smoke_analysis/optimizer_convergence.png,103001,086198b77d4b3a2fe0377c8c06178d6de92f196ab7aad1351ed63f967884e4d7,archive
10_asc_optimizer_study/smoke_analysis/optimizer_statistical_tests.csv,501,d0051a4fb3918e55e3620d06f9b373782723c2f262bc778657fe961dfb03af81,result-or-metadata
10_asc_optimizer_study/smoke_analysis/rescreen_candidates.csv,1424,50f16524257b0e6c154c6683dab0815a52297d075f3d610962d16954c8e12372,result-or-metadata
10_asc_optimizer_study/smoke_analysis/selected_finalists.csv,457,a1d40d17154bf6ab279140cdd135f11e4ef8cda2ab42c8759af167142864d263,result-or-metadata
10_asc_optimizer_study/smoke_complete.zip,118313,470682be0c60f306d1492fc1f9af32e1a514981552a2ae243058950850818583,original-kaggle-archive
10_asc_optimizer_study/smoke_nsga2/all_trials.csv,3612,abbda59607b6bd2ac5726b4258703a721d68e95fa6df2efcadb3f1d8a8a16223,result-or-metadata
10_asc_optimizer_study/smoke_nsga2/manifest.json,531,41dc203a4e45c52d4fa5a21715943cd23a671ca92881a3f5b35bbcacd406cbd5,result-or-metadata
10_asc_optimizer_study/smoke_nsga2/noise_floor_raw.csv,549,9fe90c119b4faa01621f94f533b3ae462c1ad85a830d61f9c3c6c105ca6bf342,result-or-metadata
10_asc_optimizer_study/smoke_nsga2/noise_floor_summary.csv,279,63a949e7dfa74f4cd7808cc471dbebafee41ea0233f180e1b88492890ab76a95,result-or-metadata
10_asc_optimizer_study/smoke_nsga2/run_01_front.csv,760,5b675608819df3249a376b225392c5d4ebcf1486190ca7fe1ac54f887a942344,result-or-metadata
10_asc_optimizer_study/smoke_nsga2/run_01_trials.csv,1936,2ec9d839d7f4f5c72b73c61a4fa05b3a840456b875f0255ca71c54f59941d880,result-or-metadata
10_asc_optimizer_study/smoke_nsga2/run_02_front.csv,465,7330b2d00762ca75bcc03d128f72900c3106436a98c6e96003458eebe388a154,result-or-metadata
10_asc_optimizer_study/smoke_nsga2/run_02_trials.csv,1935,b13d82763fc72c0d8956babf6e0651b3337a97a234788b7b6a27f5524cff8cd9,result-or-metadata
10_asc_optimizer_study/smoke_nsga2/status.json,183,d011976607a92b2a60914e0630a266ae1997b8480813761da6c938756954dcc3,result-or-metadata
10_asc_optimizer_study/smoke_nsga2.zip,5401,eac19b796d3dfff3c5f60b1e7e6467345afede19a2df1464110be5b9131891c0,original-kaggle-archive
10_asc_optimizer_study/smoke_nsga3/all_trials.csv,3641,7c036549fc924b2648087909bc7ac7cf719e4e1f5c3abad2703e758c5a0e266d,result-or-metadata
10_asc_optimizer_study/smoke_nsga3/manifest.json,532,9b624706978712d20de15b8ecc3cc01d931bf63ac17af70e4072bd7628b357a5,result-or-metadata
10_asc_optimizer_study/smoke_nsga3/run_01_front.csv,766,4df17db671ec724a6dc7656cedc763e5ef3688e6eacdaa9c697e8158f2b2f458,result-or-metadata
10_asc_optimizer_study/smoke_nsga3/run_01_trials.csv,1949,37984413657eb82b484109157e4f344d75feb47831a90ecd9f702aa7ed92d759,result-or-metadata
10_asc_optimizer_study/smoke_nsga3/run_02_front.csv,312,3b392ce77ce81ad4839fe38afd006300445e73cafdca1f87305d1b6e6ecefed9,result-or-metadata
10_asc_optimizer_study/smoke_nsga3/run_02_trials.csv,1947,c0db846b1f20fe449701f77d416d6be1a2104908492af16beb381499db0eef89,result-or-metadata
10_asc_optimizer_study/smoke_nsga3/status.json,184,08da4ce39b2cb7641ad3965df7ac96f0ce929178dede0caa36af117f3e28092c,result-or-metadata
10_asc_optimizer_study/smoke_nsga3.zip,4711,95a215e841aa844ecb7c81963c0ccea62b6b7b76edeeed0df7ac0160d99553af,original-kaggle-archive
10_asc_optimizer_study/smoke_random/all_trials.csv,3627,339e7526626058821ec42d7a7a6165cf9b2e984b662604202b41a52392106b14,result-or-metadata
10_asc_optimizer_study/smoke_random/manifest.json,530,45611f03226c0602b68910ebd41e3400e9917df73c17562390779c58c665e739,result-or-metadata
10_asc_optimizer_study/smoke_random/run_01_front.csv,611,67cd504f3e31858034df88b9851a1e79d2f37f0387004911c4982a90044672ee,result-or-metadata
10_asc_optimizer_study/smoke_random/run_01_trials.csv,1930,6bd635dd31ed13e6e252137687f0160488fd81b693e378809fc5b3cb2023f68e,result-or-metadata
10_asc_optimizer_study/smoke_random/run_02_front.csv,1067,d8d4726fb9925914dbaed86350aa6cd677f9a3411f77ebcef14525d6723b7250,result-or-metadata
10_asc_optimizer_study/smoke_random/run_02_trials.csv,1928,4269ecf083f5011fddfbdebe2752f2e2c335f55efadfb73e387594720d14240c,result-or-metadata
10_asc_optimizer_study/smoke_random/status.json,182,313c431cea7bc74bb3877fcb051d5d190ecdedb39dffa9c2f24101c98f9abdab,result-or-metadata
10_asc_optimizer_study/smoke_random.zip,5093,fda9fde3490cf02ea6cc52f7ba019ac1f0ce30cc60b03469c2ffd0ac5599bff6,original-kaggle-archive
99_archive_notebook_upload_zips/phase4_paper_ready_external_validation_notebook.zip,19671,5508ec916669b1a670a14e6f8926ea7ace70f9c808554a9534b23baa905b9dfa,original-kaggle-archive
99_archive_notebook_upload_zips/phase4c_normalized_soh_external_validation_notebook.zip,18113,389339f6cc38057757be8b50e95d5e74e82a8c6f7120d93f27fbd3541a872035,original-kaggle-archive
99_archive_notebook_upload_zips/phase4d_normalized_pinn_hybrid_external_validation_notebook.zip,20040,ad2efea140206a6998e6c24c547255a1f75b6559be1fee99d2658d9eb7fa8b31,original-kaggle-archive
99_archive_notebook_upload_zips/phase4e_fewshot_finetune_external_validation_notebook.zip,19364,0de6a975e817fe312614e62e4bdf414b16669bdad2ae70826130c99661ad1431,original-kaggle-archive
99_archive_notebook_upload_zips/phase4f_residual_calibration_external_validation_notebook.zip,20324,de2435572b3b7d4df086e41ec1def2f6d9b07497447d01c17d5656c71c295f59,original-kaggle-archive
ASC_COMPLETE_METHODS_RESULTS_DOSSIER_20260822.md,76006,ba51c38c579d5ad083edcfa3e813d0edba3141a99c15cc36c9cfdc510ee5cecd,archive
ASC_GAPFILL_20260822.md,32750,12f144c78d077d118d2fa97a9b388edad263038440f89d64a5422c9f26c2580b,archive
