candidate_id,L,hidden,layers,H,lr,seed,validation_macro_MAPE,parameters,latency_ms,train_seconds
L20_D192_N2_H8_LR0.00100000,20,192,2,8,0.001,42,3.0626950363283267,486978,0.6981904029846191,10.34762477800001
L20_D192_N2_H8_LR0.00100000,20,192,2,8,0.001,52,1.7949773521624466,486978,0.7000095844268799,7.605741193999961
L20_D192_N2_H8_LR0.00100000,20,192,2,8,0.001,62,1.972085226356766,486978,0.6978559970855713,6.513080813000045
L20_D192_N2_H8_LR0.00100000,20,192,2,8,0.001,72,1.7877526021869565,486978,0.6997727870941162,8.414654365000047
L20_D192_N2_H8_LR0.00100000,20,192,2,8,0.001,82,1.2492334209051932,486978,0.7039216041564942,8.626847392999991
L20_D192_N2_H8_LR0.00100000,20,192,2,8,0.001,92,1.6019565712575587,486978,0.7044047832489013,8.476320107999982
L20_D192_N2_H8_LR0.00100000,20,192,2,8,0.001,102,1.8089725312406497,486978,0.7038479804992676,8.477922809000006
L20_D192_N2_H8_LR0.00100000,20,192,2,8,0.001,112,1.6329732415327438,486978,0.7058415889739991,7.56227215499996
L20_D192_N2_H8_LR0.00100000,20,192,2,8,0.001,122,2.126544092664589,486978,0.7054336071014404,8.547791160999964
L20_D192_N2_H8_LR0.00100000,20,192,2,8,0.001,132,1.2462654039594732,486978,0.7066463947296142,8.545725651999987
L20_D96_N1_H3_LR0.00042092,20,96,1,3,0.000420925,42,2.557624627434579,62658,0.4281343936920166,2.328779778000012
L20_D96_N1_H3_LR0.00042092,20,96,1,3,0.000420925,52,2.229257767886156,62658,0.3904848098754883,2.2533800239999664
L20_D96_N1_H3_LR0.00042092,20,96,1,3,0.000420925,62,2.6224276391512458,62658,0.41021437644958497,2.210815261999983
L20_D96_N1_H3_LR0.00042092,20,96,1,3,0.000420925,72,2.608138998741125,62658,0.4233823776245117,2.2341034799999306
L20_D96_N1_H3_LR0.00042092,20,96,1,3,0.000420925,82,2.8335942216831587,62658,0.4182720184326172,2.1929638710000745
L20_D96_N1_H3_LR0.00042092,20,96,1,3,0.000420925,92,2.540646726228406,62658,0.42142400741577146,2.112177110999937
L20_D96_N1_H3_LR0.00042092,20,96,1,3,0.000420925,102,2.6187012247546075,62658,0.42772479057312013,2.2142329110000674
L20_D96_N1_H3_LR0.00042092,20,96,1,3,0.000420925,112,3.0842166173751027,62658,0.3926032066345215,2.2036435590000565
L20_D96_N1_H3_LR0.00042092,20,96,1,3,0.000420925,122,2.7661606807672037,62658,0.41972641944885253,2.0307873369999925
L20_D96_N1_H3_LR0.00042092,20,96,1,3,0.000420925,132,2.789942985546152,62658,0.4158031940460205,1.9218970859999445
L15_D96_N1_H5_LR0.00051649,15,96,1,5,0.000516493,42,1.8975745701754103,62658,0.47831201553344727,2.782978759999992
L15_D96_N1_H5_LR0.00051649,15,96,1,5,0.000516493,52,1.8340960343260526,62658,0.4055503845214844,2.934909171999948
L15_D96_N1_H5_LR0.00051649,15,96,1,5,0.000516493,62,2.336756426457296,62658,0.38580799102783203,2.8372570000000223
L15_D96_N1_H5_LR0.00051649,15,96,1,5,0.000516493,72,1.921126011644236,62658,0.4027775764465332,2.9154984240000203
L15_D96_N1_H5_LR0.00051649,15,96,1,5,0.000516493,82,2.134693707555483,62658,0.4096096038818359,2.7895351359999268
L15_D96_N1_H5_LR0.00051649,15,96,1,5,0.000516493,92,1.889943345202871,62658,0.4001776218414307,2.834096023000029
L15_D96_N1_H5_LR0.00051649,15,96,1,5,0.000516493,102,2.0743523434307662,62658,0.399564790725708,2.748568554999906
L15_D96_N1_H5_LR0.00051649,15,96,1,5,0.000516493,112,1.9936033136588058,62658,0.3987200021743774,2.8409279669999705
L15_D96_N1_H5_LR0.00051649,15,96,1,5,0.000516493,122,2.5011975093422194,62658,0.3850496053695679,2.779802415000063
L15_D96_N1_H5_LR0.00051649,15,96,1,5,0.000516493,132,2.0765195000619827,62658,0.4017183780670166,2.7648067970000056
L10_D64_N1_H3_LR0.00070000,10,64,1,3,0.0007,42,3.9243656096894064,36418,0.41407041549682616,3.2767865420000817
L10_D64_N1_H3_LR0.00070000,10,64,1,3,0.0007,52,3.1391012090340857,36418,0.3981519937515259,3.139517751000085
L10_D64_N1_H3_LR0.00070000,10,64,1,3,0.0007,62,2.7469117122066686,36418,0.38500161170959474,3.033682122000073
L10_D64_N1_H3_LR0.00070000,10,64,1,3,0.0007,72,2.748905622490494,36418,0.39414401054382325,3.2245551869999645
L10_D64_N1_H3_LR0.00070000,10,64,1,3,0.0007,82,3.3982611752420824,36418,0.42086238861083985,3.291705976000003
L10_D64_N1_H3_LR0.00070000,10,64,1,3,0.0007,92,3.2310994541120635,36418,0.3797087907791138,3.22639446200003
L10_D64_N1_H3_LR0.00070000,10,64,1,3,0.0007,102,2.7139909915725036,36418,0.39763200283050537,3.338862318999986
L10_D64_N1_H3_LR0.00070000,10,64,1,3,0.0007,112,3.963500360116953,36418,0.3979199886322021,3.1414027200000874
L10_D64_N1_H3_LR0.00070000,10,64,1,3,0.0007,122,3.1370934964743995,36418,0.3960400104522705,3.3297773990000223
L10_D64_N1_H3_LR0.00070000,10,64,1,3,0.0007,132,3.6295870921072417,36418,0.41230239868164065,3.2103217019999875
L10_D192_N3_H10_LR0.00100000,10,192,3,10,0.001,42,1.7056695116530558,783426,0.7390848159790039,13.15672555599997
L10_D192_N3_H10_LR0.00100000,10,192,3,10,0.001,52,1.9714185449177777,783426,0.7396304130554199,15.12599130700005
L10_D192_N3_H10_LR0.00100000,10,192,3,10,0.001,62,1.3111121316522443,783426,0.7362559795379638,12.503956743000003
L10_D192_N3_H10_LR0.00100000,10,192,3,10,0.001,72,1.6315562040015166,783426,0.7447279930114746,15.557252615000039
L10_D192_N3_H10_LR0.00100000,10,192,3,10,0.001,82,1.5623986283296292,783426,0.745582389831543,13.484961289000012
L10_D192_N3_H10_LR0.00100000,10,192,3,10,0.001,92,1.3511761646542952,783426,0.7453695774078369,12.954434451999987
L10_D192_N3_H10_LR0.00100000,10,192,3,10,0.001,102,1.8908339478273433,783426,0.7438032150268554,13.175156061999928
L10_D192_N3_H10_LR0.00100000,10,192,3,10,0.001,112,1.4958722138596339,783426,0.7395071983337402,12.648452845999941
L10_D192_N3_H10_LR0.00100000,10,192,3,10,0.001,122,1.4467062826495622,783426,0.7440415859222412,13.248433552000051
L10_D192_N3_H10_LR0.00100000,10,192,3,10,0.001,132,1.1338783204101262,783426,0.7376768112182617,13.367080637000072
L10_D128_N2_H15_LR0.00070000,10,128,2,15,0.0007,42,2.807375272574111,229186,0.41502718925476073,4.20406111300008
L10_D128_N2_H15_LR0.00070000,10,128,2,15,0.0007,52,1.4689439350547069,229186,0.420147180557251,3.4246122899999136
L10_D128_N2_H15_LR0.00070000,10,128,2,15,0.0007,62,1.4489981603619082,229186,0.41697278022766116,4.111846817000014
L10_D128_N2_H15_LR0.00070000,10,128,2,15,0.0007,72,1.9607614200102668,229186,0.41545281410217283,4.079442086999961
L10_D128_N2_H15_LR0.00070000,10,128,2,15,0.0007,82,1.879125100170245,229186,0.4279327869415283,3.8222553900000094
L10_D128_N2_H15_LR0.00070000,10,128,2,15,0.0007,92,2.2142419889232743,229186,0.4213679790496826,3.942682168000033
L10_D128_N2_H15_LR0.00070000,10,128,2,15,0.0007,102,1.6566448939983698,229186,0.4249919891357422,3.960919024000077
L10_D128_N2_H15_LR0.00070000,10,128,2,15,0.0007,112,2.554317777423348,229186,0.42383360862731934,4.204609116000029
L10_D128_N2_H15_LR0.00070000,10,128,2,15,0.0007,122,1.6152585586944688,229186,0.420147180557251,3.5488416850000704
L10_D128_N2_H15_LR0.00070000,10,128,2,15,0.0007,132,1.9466661456735836,229186,0.4068352222442627,3.792080982000016
L15_D64_N2_H10_LR0.00120000,15,64,2,10,0.0012,42,1.458069278173908,69698,0.4265439987182617,2.7268902499999967
L15_D64_N2_H10_LR0.00120000,15,64,2,10,0.0012,52,2.2895654811752983,69698,0.4282383918762207,2.968803858000001
L15_D64_N2_H10_LR0.00120000,15,64,2,10,0.0012,62,1.5523378404529447,69698,0.429095983505249,2.8754598409999517
L15_D64_N2_H10_LR0.00120000,15,64,2,10,0.0012,72,1.5932135488481782,69698,0.39987199306488036,2.76465220099999
L15_D64_N2_H10_LR0.00120000,15,64,2,10,0.0012,82,2.0491687515957113,69698,0.4387104034423828,2.4183442799999284
L15_D64_N2_H10_LR0.00120000,15,64,2,10,0.0012,92,1.7955770761922274,69698,0.43488640785217286,2.9994633029999704
L15_D64_N2_H10_LR0.00120000,15,64,2,10,0.0012,102,1.9165095431890649,69698,0.4419583797454834,2.8291813870000624
L15_D64_N2_H10_LR0.00120000,15,64,2,10,0.0012,112,1.5685702415119593,69698,0.4281263828277588,2.7630189899999777
L15_D64_N2_H10_LR0.00120000,15,64,2,10,0.0012,122,1.728968150321011,69698,0.4173855781555176,2.88351736300001
L15_D64_N2_H10_LR0.00120000,15,64,2,10,0.0012,132,1.59120016203571,69698,0.41904478073120116,2.888802579000071
L20_D160_N3_H5_LR0.00020000,20,160,3,5,0.0002,42,2.3248345463656177,551874,0.7057456016540528,9.637195237000014
L20_D160_N3_H5_LR0.00020000,20,160,3,5,0.0002,52,2.6518305357192737,551874,0.7062528133392334,8.381646090000004
L20_D160_N3_H5_LR0.00020000,20,160,3,5,0.0002,62,2.5882822318872956,551874,0.7070720195770264,11.009867046999943
L20_D160_N3_H5_LR0.00020000,20,160,3,5,0.0002,72,2.291446792505104,551874,0.7057407855987549,9.699668477000046
L20_D160_N3_H5_LR0.00020000,20,160,3,5,0.0002,82,2.284810091437957,551874,0.7072591781616211,8.708218736999925
L20_D160_N3_H5_LR0.00020000,20,160,3,5,0.0002,92,2.979323514408412,551874,0.7053311824798584,9.313881605000006
L20_D160_N3_H5_LR0.00020000,20,160,3,5,0.0002,102,2.4051132425342048,551874,0.703111982345581,8.611867677999953
L20_D160_N3_H5_LR0.00020000,20,160,3,5,0.0002,112,2.0286104934562834,551874,0.7045008182525635,9.350762084000053
L20_D160_N3_H5_LR0.00020000,20,160,3,5,0.0002,122,2.29416823166145,551874,0.706276798248291,10.270268531000056
L20_D160_N3_H5_LR0.00020000,20,160,3,5,0.0002,132,2.517922239516179,551874,0.7064576148986816,8.361226458000033
